canonical_id	status	collection_path	pdf_path	txt_path	pdf_bytes	txt_chars	text_extractor	pdf_sha256	source_url	label	page_url	error
MN 22	TEXT_EXTRACTED	majjhima-nikaya	majjhima-nikaya/mn22/mn22.pdf	majjhima-nikaya/mn22/mn22.txt	384660	60332	pymupdf	c631e7b234caba73be24af458155a67896b307e7e234d1e2868d7f5c779eba93	https://www.mindreleased.com/s/MN-22-Alagaddpama-Sutta.pdf	Alagaddūpama Sutta (The Simile of ‘Handling the Venomous Water-Snake’) MN22	https://www.mindreleased.com/pali-suttas	
AN 10.20	TEXT_EXTRACTED	anguttara-nikaya	anguttara-nikaya/an10-20/an10-20.pdf	anguttara-nikaya/an10-20/an10-20.txt	227617	7196	pymupdf	74782dde42fc0daaff7e947ba6d97d7476ac72e298875cf1351a8cdf49153bf5	https://www.mindreleased.com/s/AN-1020-Dutiya-Ariyvsa-Sutta.pdf	Dutiya Ariyāvāsa Sutta (Dispositions of the Noble Ones – Part 2) AN 10.20	https://www.mindreleased.com/pali-suttas	
SN 12.70	TEXT_EXTRACTED	samyutta-nikaya	samyutta-nikaya/sn12-70/sn12-70.pdf	samyutta-nikaya/sn12-70/sn12-70.txt	320331	34984	pymupdf	53b909dd679d0267bb16debbd3f5c4da2c3334a2595225e0f0979475cd020396	https://www.mindreleased.com/s/SN-1270-Susima-Paribbjaka-Sutta.pdf	Susīma Paribbājaka Sutta (The Wandering Ascetic Susīma) SN 12.70	https://www.mindreleased.com/pali-suttas	
DN 11	TEXT_EXTRACTED	digha-nikaya	digha-nikaya/dn11/dn11.pdf	digha-nikaya/dn11/dn11.txt	606883	97154	pymupdf	3030ff2bf09f9ecf7f81f43d362804b7b503c3003bcfaf9f876388b7865f5b2c	https://www.mindreleased.com/s/DN-11-Kevaha-Sutta.pdf	Kevaḍḍha (Kevaṭṭa) Sutta (Discourse to the Householder Kevaḍḍha) DN 11	https://www.mindreleased.com/pali-suttas	
SN 22.7	TEXT_EXTRACTED	samyutta-nikaya	samyutta-nikaya/sn22-07/sn22-07.pdf	samyutta-nikaya/sn22-07/sn22-07.txt	278911	18118	pymupdf	3ff94df064dd81c947359006f0b90270a11ec72361eaaeeca746a2f769b70d8d	https://www.mindreleased.com/s/SN-227-Updparitassan-Sutta.pdf	Paṭhama Upādāparitassanā Sutta (Tenacious Grabbing Agitates the Heart - Part 1) SN 22.7	https://www.mindreleased.com/pali-suttas	
AN 10.2	TEXT_EXTRACTED	anguttara-nikaya	anguttara-nikaya/an10-02/an10-02.pdf	anguttara-nikaya/an10-02/an10-02.txt	183400	4259	pymupdf	72cfa223a2bdb3ed253aa2d82a9507bb0b309c790c19df1848775faa20ec4be2	https://www.mindreleased.com/s/AN-102-Cetankara-Sutta-2bw9.pdf	Cetanākaraṇī Sutta (Not Needing the Intention) AN 10.2	https://www.mindreleased.com/pali-suttas	
AN 5.100	TEXT_EXTRACTED	anguttara-nikaya	anguttara-nikaya/an05-100/an05-100.pdf	anguttara-nikaya/an05-100/an05-100.txt	242159	10996	pymupdf	a27c4ca8489b5de5238df3852551d9bf9d994e55ab9ff85ab45ec3bfe08abccc	https://www.mindreleased.com/s/AN-5100-Kakudha-Sutta-2.pdf	Kakudha Sutta (With the Deva, Kakudha) AN 5.100	https://www.mindreleased.com/pali-suttas	
SN 22.6	TEXT_EXTRACTED	samyutta-nikaya	samyutta-nikaya/sn22-06/sn22-06.pdf	samyutta-nikaya/sn22-06/sn22-06.txt	251833	14273	pymupdf	b0333bfa33d3781c2d3791a66f8274172302164ee365a2f50b110c6357a6b381	https://www.mindreleased.com/s/SN-226-Paisalla-Sutta.pdf	Paṭisallāṇa Sutta (Retreat into Seclusion) SN 22.6	https://www.mindreleased.com/pali-suttas	
AN 3.60	TEXT_EXTRACTED	anguttara-nikaya	anguttara-nikaya/an03-60/an03-60.pdf	anguttara-nikaya/an03-60/an03-60.txt	316765	23374	pymupdf	97cb572de3f3f24d4abf7063932224a8400774e81212a2150893dd1cd239cd0a	https://www.mindreleased.com/s/AN-360-Sagrava-Sutta.pdf	Saṅgārava Sutta (Discourse to Saṅgārava) AN 3.60	https://www.mindreleased.com/pali-suttas	
DN 2	TEXT_EXTRACTED	digha-nikaya	digha-nikaya/dn02/dn02.pdf	digha-nikaya/dn02/dn02.txt	681843	137585	pymupdf	5ec759fa976c6de4ba4ec348c3232471b5c959ea89a0a6967751cce3466c00b7	https://www.mindreleased.com/s/DN-2-Smaaphala-Sutta.pdf	Sāmaññaphala Sutta (Fruits Gained by Truly Living the Life of a Recluse) DN 2	https://www.mindreleased.com/pali-suttas	
SN 22.3	TEXT_EXTRACTED	samyutta-nikaya	samyutta-nikaya/sn22-03/sn22-03.pdf	samyutta-nikaya/sn22-03/sn22-03.txt	278603	22327	pymupdf	da44bee301c2474dc572c82cbe0126aba13d8d704a0cd53c49da86d81f26a952	https://www.mindreleased.com/s/SN-223-Pathama-Hliddikni-Sutta.pdf	Paṭhama Hāliddikāni Sutta (The Householder Hāliddikāni – Part 1) SN 22.3	https://www.mindreleased.com/pali-suttas	
AN 8.54	TEXT_EXTRACTED	anguttara-nikaya	anguttara-nikaya/an08-54/an08-54.pdf	anguttara-nikaya/an08-54/an08-54.txt	206170	12703	pymupdf	7375e5dac5dd13f8881271450cda863cb957564fb6989928e58840d7b2a848ad	https://www.mindreleased.com/s/AN-854-Dghaju-Sutta.pdf	Dīghajāṇu Sutta (To Dīghajāṇu) AN 8.54	https://www.mindreleased.com/pali-suttas	
DN 1	TEXT_EXTRACTED	digha-nikaya	digha-nikaya/dn01/dn01.pdf	digha-nikaya/dn01/dn01.txt	796033	188451	pymupdf	434936722c397e1dfb9bd19ff2ccf952850cb9b1a0414bb7703aff5ce907fc1b	https://www.mindreleased.com/s/DN-1-Brahmajla-Sutta.pdf	Brahmajāla Sutta (All-Encompassing Net of Wrong Views) DN 1	https://www.mindreleased.com/pali-suttas	
SN 52.17	TEXT_EXTRACTED	samyutta-nikaya	samyutta-nikaya/sn52-17/sn52-17.pdf	samyutta-nikaya/sn52-17/sn52-17.txt	227810	9619	pymupdf	992bcb7e1f3021a444e5b14f759e83a223e05913fb3d9485afdb8ea475614cef	https://www.mindreleased.com/s/SN-5217-Sabbattha-Gmini-Sutta.pdf	Sabbattha Gāmini Sutta (Where All the Different Paths of Practice Lead) SN 52.17	https://www.mindreleased.com/pali-suttas	
MN 126	TEXT_EXTRACTED	majjhima-nikaya	majjhima-nikaya/mn126/mn126.pdf	majjhima-nikaya/mn126/mn126.txt	208268	28917	pymupdf	e9a0225a2828604fc11c350f6d9e55176acda2600ee3c66e26e46648669df584	https://www.mindreleased.com/s/MN-126-Bhmija-Sutta.pdf	Bhūmija Sutta (Discourse to Bhūmija) MN 126	https://www.mindreleased.com/pali-suttas	
DN 32	TEXT_EXTRACTED	digha-nikaya	digha-nikaya/dn32/dn32.pdf	digha-nikaya/dn32/dn32.txt	416533	32433	pymupdf	5215a325337933046005b7ffee34ccd2ae0f3b3ca7dc6a4baa90c3e565b3cc14	https://www.mindreleased.com/s/DN-32-niya-Sutta.pdf	Āṭānāṭiya Sutta (Āṭānāṭiya: The Mighty Protection) DN 32	https://www.mindreleased.com/pali-suttas	
MN 50	TEXT_EXTRACTED	majjhima-nikaya	majjhima-nikaya/mn50/mn50.pdf	majjhima-nikaya/mn50/mn50.txt	269263	41634	pymupdf	f28a060b5fd92bfb651932879f12a9c36ac0b3419a3a5c7bc2749cdc1bb85722	https://www.mindreleased.com/s/MN-50-Mra-Tajjanya-Sutta.pdf	Māra Tajjanīya Sutta (Scolding and Teaching Māra a Lesson) MN 50	https://www.mindreleased.com/pali-suttas	
SN 47.12	TEXT_EXTRACTED	samyutta-nikaya	samyutta-nikaya/sn47-12/sn47-12.pdf	samyutta-nikaya/sn47-12/sn47-12.txt	249894	6931	pymupdf	d8184fdbf63f684fc84c6a60e9380f38d24259a3d768009092def47c384f3a0a	https://www.mindreleased.com/s/SN-4712-Nand-Sutta.pdf	Nāḷandā Sutta (Discourse at Nālandā: Sāriputta’s Lion’s Roar) SN 47.12	https://www.mindreleased.com/pali-suttas	
Ud 2.10	TEXT_EXTRACTED	khuddaka-nikaya/udana	khuddaka-nikaya/udana/ud02-10/ud02-10.pdf	khuddaka-nikaya/udana/ud02-10/ud02-10.txt	208617	7166	pymupdf	901a4ceccc06b46eb4d0964b168925e129906dd6e964b2dbb91aa18b0c10366d	https://www.mindreleased.com/s/Udana-210_Bhaddiya-Sutta.pdf	Bhaddiya Sutta (The Venerable Bhaddiya) Ud. 2.10	https://www.mindreleased.com/pali-suttas	
MN 1	TEXT_EXTRACTED	majjhima-nikaya	majjhima-nikaya/mn01/mn01.pdf	majjhima-nikaya/mn01/mn01.txt	753702	212392	pymupdf	a6fe9bf4e9876fa04ee471885e25d114092d7ecc5256ddaa5a603469cb9c02f4	https://www.mindreleased.com/s/MN-1-Mlapariyya-Sutta-complete-2.pdf	Mūlapariyāya Sutta (The Root Pattern of Behavior of All Mind Objects) MN 1	https://www.mindreleased.com/pali-suttas	
AN 7.49	TEXT_EXTRACTED	anguttara-nikaya	anguttara-nikaya/an07-49/an07-49.pdf	anguttara-nikaya/an07-49/an07-49.txt	228569	24288	pymupdf	01a8f9871a866aedcfde63f0d6ec5e7d4cdf9ba1668dcb29d56b2405eea03630	https://www.mindreleased.com/s/AN-749-Dutiya-Sa-Sutta-2afw.pdf	Dutiya Saññā Sutta (On Perceptions – Part 2) AN 7.49	https://www.mindreleased.com/pali-suttas	
SN 14.9	TEXT_EXTRACTED	samyutta-nikaya	samyutta-nikaya/sn14-09/sn14-09.pdf	samyutta-nikaya/sn14-09/sn14-09.txt	243975	11159	pymupdf	d7528a2e7fa7dd83f586c758b2d8f7c3d6e59684268f5a2450ecfb4edffbfcfc	https://www.mindreleased.com/s/SN-149-Bhira-Phassa-Nnatta-Sutta.pdf	Bāhira Phassa Nānatta Sutta (Assets Acquired through Contact that One Doesn’t Let Go) SN 14.9	https://www.mindreleased.com/pali-suttas	
Dhp 2.21	TEXT_EXTRACTED	khuddaka-nikaya/dhammapada	khuddaka-nikaya/dhammapada/dhp02-21/dhp02-21.pdf	khuddaka-nikaya/dhammapada/dhp02-21/dhp02-21.txt	225078	1350	pymupdf	799a2a9356cac27beccec002e0b2890f94d05fd1683c605dbe63535769c120f7	https://www.mindreleased.com/s/Dhp-221-23-Smvati-Vatthu-Appamda-Vagga.pdf	Sāmāvatī Vatthu (Queen Sāmāvatī’s Example) Dhp. 2.21-23	https://www.mindreleased.com/pali-suttas	
AN 7.53	TEXT_EXTRACTED	anguttara-nikaya	anguttara-nikaya/an07-53/an07-53.pdf	anguttara-nikaya/an07-53/an07-53.txt	182617	7581	pymupdf	d68b3dfa060c59505a4a300a794600bd5b3043475359d69315cca3f83429c09b	https://www.mindreleased.com/s/AN-753-Nandamt-Sutta-copy.pdf	Nandamātā Sutta (Nanda’s Mother) AN 7.53	https://www.mindreleased.com/pali-suttas	
AN 8.22	TEXT_EXTRACTED	anguttara-nikaya	anguttara-nikaya/an08-22/an08-22.pdf	anguttara-nikaya/an08-22/an08-22.txt	209927	8090	pymupdf	bf52ffbe6a268f881c9d1750012f697cae98cfa779de48ce755434b984f6548b	https://www.mindreleased.com/s/AN-822-Dutiya-Ugga-Sutta.pdf	Dutiya Ugga Sutta (Ugga of Hatthigāma: The Second Ugga) AN 8.22	https://www.mindreleased.com/pali-suttas	
AN 8.23	TEXT_EXTRACTED	anguttara-nikaya	anguttara-nikaya/an08-23/an08-23.pdf	anguttara-nikaya/an08-23/an08-23.txt	218594	6605	pymupdf	6c849b2d7a7a6c0def767d324499f4280d6857d9f402572d8ff09272e9755993	https://www.mindreleased.com/s/AN-823-24-Pahama-Dutiya-Hatthaka-Suttas.pdf	Paṭhama & Dutiya Hatthaka (Hatthaka of Ālavi – Parts 1 & 2) AN 8.23-24	https://www.mindreleased.com/pali-suttas	
MN 135	TEXT_EXTRACTED	majjhima-nikaya	majjhima-nikaya/mn135/mn135.pdf	majjhima-nikaya/mn135/mn135.txt	248574	27313	pymupdf	32a7627c1193c29c1f90ef2de8bc8d78e80fa3f59791daf58ff32a4d56b0d55d	https://www.mindreleased.com/s/MN-135-Ca-Kammavibhaga-Sutta-2.pdf	ūḷa Kammavibhaṅga Sutta (The Shorter Classification on Kamma or Intentional Actions) MN 135	https://www.mindreleased.com/pali-suttas	
AN 6.63	TEXT_EXTRACTED	anguttara-nikaya	anguttara-nikaya/an06-63/an06-63.pdf	anguttara-nikaya/an06-63/an06-63.txt	238447	18911	pymupdf	164f32d1e200d0e0a72e316a36a0e9bafb0d5323a5be2fdaed87373ba973a7c6	https://www.mindreleased.com/s/AN-663-Nibbedhika-Pariyya-Sutta.pdf	Nibbedhika Pariyāya Sutta (Penetrating) AN 6.63	https://www.mindreleased.com/pali-suttas	
AN 11.9	TEXT_EXTRACTED	anguttara-nikaya	anguttara-nikaya/an11-09/an11-09.pdf	anguttara-nikaya/an11-09/an11-09.txt	246933	18880	pymupdf	33aa7fa85514fd00340aa08649e86a2b39e2ad046d2f588d035c17cf405da5a5	https://www.mindreleased.com/s/AN-119-Saddha-Sutta.pdf	Saddha Sutta (The Venerable Saddha) AN 11.9	https://www.mindreleased.com/pali-suttas	
SN 45.2	TEXT_EXTRACTED	samyutta-nikaya	samyutta-nikaya/sn45-02/sn45-02.pdf	samyutta-nikaya/sn45-02/sn45-02.txt	249507	5905	pymupdf	1ee0b165831f9ceb527fab825007b38c3e92e1c8b5daaaea011fa7d4b3420e6a	https://www.mindreleased.com/s/SN-452-Upaha-Sutta.pdf	Upaḍḍha Sutta (Making Up Half) SN 45.2	https://www.mindreleased.com/pali-suttas	
SN 45.3	TEXT_EXTRACTED	samyutta-nikaya	samyutta-nikaya/sn45-03/sn45-03.pdf	samyutta-nikaya/sn45-03/sn45-03.txt	256973	5840	pymupdf	38afb97402581bf964f571c607ee71986683d160f74839dca7a9dea527d2eede	https://www.mindreleased.com/s/SN-453-Sriputta-Sutta.pdf	Sāriputta Sutta (Discourse to Sāriputta) SN 45.3	https://www.mindreleased.com/pali-suttas	
Snp 1.1	TEXT_EXTRACTED	khuddaka-nikaya/sutta-nipata	khuddaka-nikaya/sutta-nipata/snp01-01/snp01-01.pdf	khuddaka-nikaya/sutta-nipata/snp01-01/snp01-01.txt	178420	4542	pymupdf	5c6369760545ec113aebe6b0add843097844e1877d8e2cb84c2568b765f84574	https://www.mindreleased.com/s/Snp-11-Uraga-Sutta-gmj3.pdf	Uraga Sutta (The Snake) Snp 1.1	https://www.mindreleased.com/pali-suttas	
SN 14.32	TEXT_EXTRACTED	samyutta-nikaya	samyutta-nikaya/sn14-32/sn14-32.pdf	samyutta-nikaya/sn14-32/sn14-32.txt	216967	5754	pymupdf	3b0754204a036859e0f0c633e0c12f9ef1b718f53fb1c42a3cee141a575de15d	https://www.mindreleased.com/s/SN-1432-Acari-Sutta.pdf	Acariṁ Sutta (Quest for Gratification) SN 14.32	https://www.mindreleased.com/pali-suttas	
MN 57	TEXT_EXTRACTED	majjhima-nikaya	majjhima-nikaya/mn57/mn57.pdf	majjhima-nikaya/mn57/mn57.txt	210805	17717	pymupdf	133739edf7c5eee1305704d29bbee5f8ef90bbff06c7e827cfc6222d65bed03c	https://www.mindreleased.com/s/MN-57-Kukkuravadika-Sutta.pdf	Kukkuravatika Sutta (The Man who Identified as a Dog) MN 57	https://www.mindreleased.com/pali-suttas	
AN 9.6	TEXT_EXTRACTED	anguttara-nikaya	anguttara-nikaya/an09-06/an09-06.pdf	anguttara-nikaya/an09-06/an09-06.txt	198370	10920	pymupdf	a418a2fe3574d9d99333d9df2966234ee7be76b3b9a4bf0a9b62b7b276a9ca11	https://www.mindreleased.com/s/AN-96-Sevan-Sutta.pdf	Sevanā Sutta (Companionships) AN 9.6	https://www.mindreleased.com/pali-suttas	
SN 11.3	TEXT_EXTRACTED	samyutta-nikaya	samyutta-nikaya/sn11-03/sn11-03.pdf	samyutta-nikaya/sn11-03/sn11-03.txt	242943	7052	pymupdf	0db215e6105933fb802ed77bb1f399dc94af99fe49cb129c8fc3eaf1137ef464	https://www.mindreleased.com/s/SN-113-Dhajagga-Sutta.pdf	Dhajagga Sutta (The Crest-bearing Flag) SN 11.3	https://www.mindreleased.com/pali-suttas	
Snp 4.11	TEXT_EXTRACTED	khuddaka-nikaya/sutta-nipata	khuddaka-nikaya/sutta-nipata/snp04-11/snp04-11.pdf	khuddaka-nikaya/sutta-nipata/snp04-11/snp04-11.txt	178642	5002	pymupdf	2a7a965c4fa38098bf7b53deabf53feee099faf13b63754a26f016891f52d103	https://www.mindreleased.com/s/Snp-411-Kalahavivda-Sutta-SES.pdf	Kalahavivāda Sutta (On Fighting & Conflicts) Snp. 4.11	https://www.mindreleased.com/pali-suttas	
AN 8.82	TEXT_EXTRACTED	anguttara-nikaya	anguttara-nikaya/an08-82/an08-82.pdf	anguttara-nikaya/an08-82/an08-82.txt	188773	7761	pymupdf	e3c767a2c53834bba2e2694399fedf225c1a7aa43c5f6d3f7f550fb09c64e044	https://www.mindreleased.com/s/AN-882-Puiya-Sutta.pdf	uṇṇiya Sutta (The Venerable Puṇṇiya) AN 8.82	https://www.mindreleased.com/pali-suttas	
Mil 7.8.7	TEXT_EXTRACTED	khuddaka-nikaya/milindapanha	khuddaka-nikaya/milindapanha/mil-7-8-7/mil-7-8-7.pdf	khuddaka-nikaya/milindapanha/mil-7-8-7/mil-7-8-7.txt	281030	10175	pymupdf	96319f99f5d99f3c66fa1f3fbebc8c97f01ea0ee9ca31c3ce2c20c8f726584e3	https://www.mindreleased.com/s/Mil-787-Isssaga-Paha.pdf	ssāsaṅga Pañha (Inquiring about ‘The Archer’) Mil. 7.8.7	https://www.mindreleased.com/pali-suttas	
AN 10.54	TEXT_EXTRACTED	anguttara-nikaya	anguttara-nikaya/an10-54/an10-54.pdf	anguttara-nikaya/an10-54/an10-54.txt	182030	9400	pymupdf	be1540456ca17a2d632be124282e04f64cb66557683989446faf794cef92024b	https://www.mindreleased.com/s/AN-1054-Samatha-Sutta.pdf	Samatha Sutta (Internal Serenity) AN 10.54	https://www.mindreleased.com/pali-suttas	
AN 9.34	TEXT_EXTRACTED	anguttara-nikaya	anguttara-nikaya/an09-34/an09-34.pdf	anguttara-nikaya/an09-34/an09-34.txt	189859	11651	pymupdf	7976579826421b7370db5334f788e2c052d472152ea7c8c24cc59a674ba190e1	https://www.mindreleased.com/s/AN-934-Nibbnasukha-Sutta.pdf	Nibbānasukha Sutta (The Bliss that is Nibbāna) AN 9.34	https://www.mindreleased.com/pali-suttas	
SN 7.2	TEXT_EXTRACTED	samyutta-nikaya	samyutta-nikaya/sn07-02/sn07-02.pdf	samyutta-nikaya/sn07-02/sn07-02.txt	261551	6872	pymupdf	cab15248c31aab52f34587fb542e1747f4c2856080f13cfb0f5d5f209c14c229	https://www.mindreleased.com/s/SN-72-Akkosa-Sutta.pdf	Akkosa Sutta (The Verbal Abuser) SN 7.2	https://www.mindreleased.com/pali-suttas	
Snp 1.3	TEXT_EXTRACTED	khuddaka-nikaya/sutta-nipata	khuddaka-nikaya/sutta-nipata/snp01-03/snp01-03.pdf	khuddaka-nikaya/sutta-nipata/snp01-03/snp01-03.txt	197492	11683	pymupdf	d123cad7edfae274206c0069aac69edf82d26f389ae56f41f2e1b36ccf4571a4	https://www.mindreleased.com/s/Snp-13-Khaggavisa-Sutta.pdf	Khaggavisāṇa Sutta (The Horned Rhinoceros) Snp 1.3	https://www.mindreleased.com/pali-suttas	
AN 5.79	TEXT_EXTRACTED	anguttara-nikaya	anguttara-nikaya/an05-79/an05-79.pdf	anguttara-nikaya/an05-79/an05-79.txt	200377	8065	pymupdf	b61245f878f558d7a2a2f8f3ce2a44411706b039b2ca510616127752173dcadd	https://www.mindreleased.com/s/AN-579-Tatiya-Angatabhaya-Sutta.pdf	Tatiya Anāgatabhaya Sutta (On Terrors to Come– Part 3) AN 5.79	https://www.mindreleased.com/pali-suttas	
SN 20.7	TEXT_EXTRACTED	samyutta-nikaya	samyutta-nikaya/sn20-07/sn20-07.pdf	samyutta-nikaya/sn20-07/sn20-07.txt	220094	4344	pymupdf	ff731ccf95aedc38eadb0f0baa894c94b5b5c72ba6744426c408a03ef5ea6dd6	https://www.mindreleased.com/s/SN-207-i-Sutta.pdf	Āṇi Sutta (Discourse on the Drum-Peg) SN 20.7	https://www.mindreleased.com/pali-suttas	
SN 4.19	TEXT_EXTRACTED	samyutta-nikaya	samyutta-nikaya/sn04-19/sn04-19.pdf	samyutta-nikaya/sn04-19/sn04-19.txt	272554	8846	pymupdf	b96934e7621d7c6aed03a18bf3e8174fd59818385a56063b2fbad5bcb9a8dc70	https://www.mindreleased.com/s/SN-419-Kassaka-Sutta.pdf	Kassaka Sutta (The Farmer) SN 4.19	https://www.mindreleased.com/pali-suttas	
SN 6.1	TEXT_EXTRACTED	samyutta-nikaya	samyutta-nikaya/sn06-01/sn06-01.pdf	samyutta-nikaya/sn06-01/sn06-01.txt	266870	10916	pymupdf	7766b9f95f7f9a790142bf6bbab542b700b86686e158832839795ef20e90f657	https://www.mindreleased.com/s/SN-61-Brahmycana-Sutta.pdf	Brahmāyācana Sutta (The Brahma God’s Request) SN 6.1	https://www.mindreleased.com/pali-suttas	
MN 9	TEXT_EXTRACTED	majjhima-nikaya	majjhima-nikaya/mn09/mn09.pdf	majjhima-nikaya/mn09/mn09.txt	330814	66427	pymupdf	9a74325ed4e01646eab2bcbf35261b331d19c1e2b611809520f7e2e1045a5ab6	https://www.mindreleased.com/s/MN-9-Samm-Dihi-Sutta.pdf	Sammā Diṭṭhi Sutta (Discourse on Right View) MN 9	https://www.mindreleased.com/pali-suttas	
MN 4	TEXT_EXTRACTED	majjhima-nikaya	majjhima-nikaya/mn04/mn04.pdf	majjhima-nikaya/mn04/mn04.txt	288340	44568	pymupdf	cde75b5791f291d238b53923ad0b2c1c2f4c26a13d860bc1c6baa789a0dd3da9	https://www.mindreleased.com/s/MN-4-Bhayabherava-Sutta.pdf	Bhayabherava Sutta (Threats and Fears) MN 4	https://www.mindreleased.com/pali-suttas	
SN 23.2	TEXT_EXTRACTED	samyutta-nikaya	samyutta-nikaya/sn23-02/sn23-02.pdf	samyutta-nikaya/sn23-02/sn23-02.txt	228386	6396	pymupdf	9691e1818d7c8de8c62337193e46407639d8fbb6289bb318c6460e8e70fe3894	https://www.mindreleased.com/s/SN-232-Satta-Sutta-2.pdf	Satta Sutta (What Is a Sentient Being), SN 23.2	https://www.mindreleased.com/pali-suttas	
SN 23.1	TEXT_EXTRACTED	samyutta-nikaya	samyutta-nikaya/sn23-01/sn23-01.pdf	samyutta-nikaya/sn23-01/sn23-01.txt	239192	9004	pymupdf	0b6f0a4fcdfee8d45165f9344a275fe90303185e15505eb85043435f5d333491	https://www.mindreleased.com/s/SN-231-Mra-Sutta-2.pdf	Māra Sutta (Who or What is Māra?) SN 23.1	https://www.mindreleased.com/pali-suttas	
AN 10.76	TEXT_EXTRACTED	anguttara-nikaya	anguttara-nikaya/an10-76/an10-76.pdf	anguttara-nikaya/an10-76/an10-76.txt	206627	17682	pymupdf	7bce496501a9e01430c33f5a098471a8519817fd5e30ba5e8ccf8629957eba29	https://www.mindreleased.com/s/AN-1076-Tayodhamma-Sutta.pdf	Tayodhamma Sutta (The Three Things) AN 10.76	https://www.mindreleased.com/pali-suttas	
SN 12.61	TEXT_EXTRACTED	samyutta-nikaya	samyutta-nikaya/sn12-61/sn12-61.pdf	samyutta-nikaya/sn12-61/sn12-61.txt	236761	7734	pymupdf	eaeb1c643e4bbd24f035c2a6aebe046f3a2804c1562fc211b264c89cb011f9e0	https://www.mindreleased.com/s/SN-1261-Assutav-Sutta.pdf	Assutavā Sutta (The Unlearned in the Dhamma) SN 12.61	https://www.mindreleased.com/pali-suttas	
MN 136	TEXT_EXTRACTED	majjhima-nikaya	majjhima-nikaya/mn136/mn136.pdf	majjhima-nikaya/mn136/mn136.txt	288396	36504	pymupdf	9ca3f0662c9824d665e0030ac845728d0ebae56d97dcc6696c2aa08f2d2a326a	https://www.mindreleased.com/s/MN-136-Mah-Kammavibhaga-Sutta.pdf	Mahā Kammavibhaṅga Sutta (Greater and Detailed Classification of Intentional Actions) MN 136	https://www.mindreleased.com/pali-suttas	
AN 11.16	TEXT_EXTRACTED	anguttara-nikaya	anguttara-nikaya/an11-16/an11-16.pdf	anguttara-nikaya/an11-16/an11-16.txt	250810	23775	pymupdf	0bb4ef5ea1da15eff787f1622de89243b7c11102aa2c4d2a9b415d499dc20f9d	https://www.mindreleased.com/s/AN-1116-Ahakangara-Sutta.pdf	Aṭṭhakanāgara Sutta (Discourses at Aṭṭhakanāgara) AN 11.16	https://www.mindreleased.com/pali-suttas	
MN 37	TEXT_EXTRACTED	majjhima-nikaya	majjhima-nikaya/mn37/mn37.pdf	majjhima-nikaya/mn37/mn37.txt	204310	14560	pymupdf	059683ff9496c98f5109928f817d7b2fd5a2400f64fda7f930f155186b0b33a3	https://www.mindreleased.com/s/MN-37-Ca-Tahsakhaya-Sutta-2.pdf	Cūḷa Taṇhāsaṅkhaya Sutta (Shorter Discourse on the Destruction of Craving) MN 37	https://www.mindreleased.com/pali-suttas	
MN 49	TEXT_EXTRACTED	majjhima-nikaya	majjhima-nikaya/mn49/mn49.pdf	majjhima-nikaya/mn49/mn49.txt	267860	37441	pymupdf	1ef59b4b1d7b45d6cf1238d5dd07db6b62650f883018bcd6c3625f9e7f4ca60d	https://www.mindreleased.com/s/MN-49-Brahm-Nimantaika-Sutta.pdf	Brahmā Nimantaṇika Sutta (Challenging & Instructing the Brahma Gods) MN 49	https://www.mindreleased.com/pali-suttas	
AN 8.7	TEXT_EXTRACTED	anguttara-nikaya	anguttara-nikaya/an08-07/an08-07.pdf	anguttara-nikaya/an08-07/an08-07.txt	199920	10490	pymupdf	f060ef10ad7757f2850eb27526f7851d36b9728601e9b5908fe14acd1d3503b8	https://www.mindreleased.com/s/AN-87-Devadatta-Vipatti-Sutta.pdf	Devadatta Vipatti Sutta (Devadatta’s Failure) AN 8.7	https://www.mindreleased.com/pali-suttas	
DN 9	TEXT_EXTRACTED	digha-nikaya	digha-nikaya/dn09/dn09.pdf	digha-nikaya/dn09/dn09.txt	565741	115293	pymupdf	1029ca4ba1ca012c545e5ca456b24837495839cc74b6196b2265ff3d888c20d3	https://www.mindreleased.com/s/DN-9-Pohapda-Sutta.pdf	Poṭṭhapāda Sutta (Discourse to Poṭṭhapāda) DN 9	https://www.mindreleased.com/pali-suttas	
SN 46.51	TEXT_EXTRACTED	samyutta-nikaya	samyutta-nikaya/sn46-51/sn46-51.pdf	samyutta-nikaya/sn46-51/sn46-51.txt	312120	24829	pymupdf	85091528ea33179415515368472754a05e4805c97c5e8eee6231260068e64bde	https://www.mindreleased.com/s/SN-4651-hra-Sutta.pdf	Āhāra Sutta (That Which Nourishes) SN 46.51	https://www.mindreleased.com/pali-suttas	
Thag 10.4	TEXT_EXTRACTED	khuddaka-nikaya/theragatha	khuddaka-nikaya/theragatha/thag10-04/thag10-04.pdf	khuddaka-nikaya/theragatha/thag10-04/thag10-04.txt	227382	3511	pymupdf	0f8eb50fcf784bcf3bc5adbaad60eaf61cb1a838bf25e8a013aaa47fa136352e	https://www.mindreleased.com/s/Thag-104-Capanthaka-Thera.pdf	Cūḷapanthaka Thera (Therāgathā - Verses of the Elder Bhikkhus) Thag. 10.4	https://www.mindreleased.com/pali-suttas	
SN 35.69	TEXT_EXTRACTED	samyutta-nikaya	samyutta-nikaya/sn35-69/sn35-69.pdf	samyutta-nikaya/sn35-69/sn35-69.txt	232655	4789	pymupdf	7218c358062601c4e8b216c8de55b2bda080aaa6efaa29ce02f127f314a5bafe	https://www.mindreleased.com/s/SN-3569-Upasenasvisa-Sutta.pdf	Upasena Āsīvisa Sutta (The Venerable Upasena and the Snake) SN 35.69	https://www.mindreleased.com/pali-suttas	
AN 3.33	TEXT_EXTRACTED	anguttara-nikaya	anguttara-nikaya/an03-33/an03-33.pdf	anguttara-nikaya/an03-33/an03-33.txt	234092	4852	pymupdf	407ee16a4c472d3a44eaf59c48224e7e4527ea73fd4829eff72a75fee3e40dd0	https://www.mindreleased.com/s/AN-333-Sriputta-Sutta.pdf	Sāriputta Sutta (The Venerable Sāriputta) AN 3.33	https://www.mindreleased.com/pali-suttas	
SN 12.67	TEXT_EXTRACTED	samyutta-nikaya	samyutta-nikaya/sn12-67/sn12-67.pdf	samyutta-nikaya/sn12-67/sn12-67.txt	285260	22978	pymupdf	b827f36f606c83ae42f3f80b3d3bcc6bbc130d7d3b45cf6bd71b997e105120d2	https://www.mindreleased.com/s/SN-1267-Naakalp-Sutta-j8s9.pdf	Naḷakalāpī Sutta (Bundles of Reeds) SN 12.67	https://www.mindreleased.com/pali-suttas	
AN 9.3	TEXT_EXTRACTED	anguttara-nikaya	anguttara-nikaya/an09-03/an09-03.pdf	anguttara-nikaya/an09-03/an09-03.txt	213326	11263	pymupdf	990baba83f8d12296c1beafa29d01b231a785a1895ec1b38a80702f746d19cb2	https://www.mindreleased.com/s/AN-93-Meghiya-Sutta.pdf	eghiya Sutta (The Venerable Meghiya) AN 9.3	https://www.mindreleased.com/pali-suttas	
AN 10.92	TEXT_EXTRACTED	anguttara-nikaya	anguttara-nikaya/an10-92/an10-92.pdf	anguttara-nikaya/an10-92/an10-92.txt	207889	12027	pymupdf	ec20e694525ea13cbe7467cd324993f13919523b74d9aa6b733b076ffc2ff186	https://www.mindreleased.com/s/AN-1092-Bhaya-Sutta.pdf	Bhaya Sutta (Discourse on Fear) AN 10.92	https://www.mindreleased.com/pali-suttas	
MN 134	TEXT_EXTRACTED	majjhima-nikaya	majjhima-nikaya/mn134/mn134.pdf	majjhima-nikaya/mn134/mn134.txt	252733	24578	pymupdf	0aca1dcfc41b74c2a795751d3f2fc9e0e628206d663d2786807d98ff56dfcce0	https://www.mindreleased.com/s/MN-134-Lomasakagiya-Bhaddekaratta-Sutta-2.pdf	Lomasakaṅgiya Bhaddekaratta Sutta (Lomasakaṅgiya & ‘The Ideal Lover of Solitude’) MN 134	https://www.mindreleased.com/pali-suttas	
SN 22.102	TEXT_EXTRACTED	samyutta-nikaya	samyutta-nikaya/sn22-102/sn22-102.pdf	samyutta-nikaya/sn22-102/sn22-102.txt	248951	10727	pymupdf	ff799a9600e95865fed781ca28eb226a8104f25154afd15152ea59e85f8d379e	https://www.mindreleased.com/s/SN-22102-Anicca-Sa-Sutta.pdf	Anicca Saññā Sutta (Perception of Impermanence) SN 22.102	https://www.mindreleased.com/pali-suttas	
AN 3.130	TEXT_EXTRACTED	anguttara-nikaya	anguttara-nikaya/an03-130/an03-130.pdf	anguttara-nikaya/an03-130/an03-130.txt	196974	3961	pymupdf	747b7f5f23a9dac470713a9981c44db053c16ff18aa9c906a56389dda31c024f	https://www.mindreleased.com/s/AN-3130-Dutiya-Anuruddha-Sutta.pdf	Dutiya Anuruddha Sutta (The Venerable Anuruddha – Part 2) AN 3.130	https://www.mindreleased.com/pali-suttas	
SN 47.42	TEXT_EXTRACTED	samyutta-nikaya	samyutta-nikaya/sn47-42/sn47-42.pdf	samyutta-nikaya/sn47-42/sn47-42.txt	212887	2096	pymupdf	f121626c744f032b8acc50bdcf7b063003d768283f7b76a2732b2a036e19bf81	https://www.mindreleased.com/s/SN-4742-Samudaya-Sutta.pdf	Samudaya Sutta (The Arising) SN 47.42	https://www.mindreleased.com/pali-suttas	
SN 47.41	TEXT_EXTRACTED	samyutta-nikaya	samyutta-nikaya/sn47-41/sn47-41.pdf	samyutta-nikaya/sn47-41/sn47-41.txt	205347	2780	pymupdf	1e3d78d42b62ae6cb7c255c67c6070df88df8a58e32264829711a0c683dd8505	https://www.mindreleased.com/s/SN-4741-Amata-Sutta.pdf	Amata Sutta (The Deathless) SN 47.41	https://www.mindreleased.com/pali-suttas	
SN 22.95	TEXT_EXTRACTED	samyutta-nikaya	samyutta-nikaya/sn22-95/sn22-95.pdf	samyutta-nikaya/sn22-95/sn22-95.txt	249409	10522	pymupdf	c45ac34c6dc60d4aebb01e99f960b4b1e4ddb8c2fbc15125732e79da301a58e2	https://www.mindreleased.com/s/SN-2295-Pheapipama-Sutta-2.pdf	Pheṇapiṇḍūpama Sutta (A Bulge of Foam) SN 22.95	https://www.mindreleased.com/pali-suttas	
SN 22.100	TEXT_EXTRACTED	samyutta-nikaya	samyutta-nikaya/sn22-100/sn22-100.pdf	samyutta-nikaya/sn22-100/sn22-100.txt	284620	13808	pymupdf	4a94962f7b04a5c88a6d8a9c8592ec7f02b4fc8a593d27e5acdd7f13bea12898	https://www.mindreleased.com/s/SN-22100-Dutiya-Gaddulabhaddha-Sutta-2.pdf	Dutiya Gaddulabhaddha Sutta (The Leash – Part 2) SN 22.100	https://www.mindreleased.com/pali-suttas	
DN 15	TEXT_EXTRACTED	digha-nikaya	digha-nikaya/dn15/dn15.pdf	digha-nikaya/dn15/dn15.txt	490864	57005	pymupdf	25d0cf2c6074b776a5f4caead7a32a9660ad21bebf729c22de356c91e301c16d	https://www.mindreleased.com/s/DN-15-Mahnidna-Sutta.pdf	Mahā Nidāna Sutta (The Great Discourse on the Principle of Causation) DN 15	https://www.mindreleased.com/pali-suttas	
AN 8.12	TEXT_EXTRACTED	anguttara-nikaya	anguttara-nikaya/an08-12/an08-12.pdf	anguttara-nikaya/an08-12/an08-12.txt	240826	23903	pymupdf	e9860773fef41bf9dcbc869d699877016256654910dfea5a08f6bfce3cd6f566	https://www.mindreleased.com/s/AN-82-Sha-Sutta.pdf	Sīha Sutta (To General Sīha) AN 8.12	https://www.mindreleased.com/pali-suttas	
AN 7.66	TEXT_EXTRACTED	anguttara-nikaya	anguttara-nikaya/an07-66/an07-66.pdf	anguttara-nikaya/an07-66/an07-66.txt	222203	12120	pymupdf	51b0430c5586a428bc183a3dc641a47fa33334b34c5157489c94f77f326e02aa	https://www.mindreleased.com/s/AN-766-Sattasriya-Sutta.pdf	Sattasūriya Sutta (Discourse on the Seven Suns) AN 7.66	https://www.mindreleased.com/pali-suttas	
AN 7.67	TEXT_EXTRACTED	anguttara-nikaya	anguttara-nikaya/an07-67/an07-67.pdf	anguttara-nikaya/an07-67/an07-67.txt	216691	18645	pymupdf	7d8ebd67a52d3360c84f8f5dfcc6b73a78f2623f3e4ed90a625a56e74855cb0b	https://www.mindreleased.com/s/AN-767-Nagaropama-Sutta.pdf	Nagaropama Sutta (Comparable to a Fortress) AN 7.67	https://www.mindreleased.com/pali-suttas	
SN 47.8	TEXT_EXTRACTED	samyutta-nikaya	samyutta-nikaya/sn47-08/sn47-08.pdf	samyutta-nikaya/sn47-08/sn47-08.txt	253182	13087	pymupdf	6be2d8012763aa0b4a9fe9b500db43ed3158ac82e872d7793cdfed4c7b997f55	https://www.mindreleased.com/s/SN-478-Sda-Sutta.pdf	Sūda Sutta (Simile of the Kitchen Chef) SN 47.8	https://www.mindreleased.com/pali-suttas	
MN 21	TEXT_EXTRACTED	majjhima-nikaya	majjhima-nikaya/mn21/mn21.pdf	majjhima-nikaya/mn21/mn21.txt	233997	32228	pymupdf	5aef2e79f110eca2e632d9b9b896211a51c926d1b8301f11a0c9eeb53e463a95	https://www.mindreleased.com/s/MN-21-Kakacpama-Sutta.pdf	Kakacūpama Sutta (Discourse on the Simile of the Saw) MN 21	https://www.mindreleased.com/pali-suttas	
SN 12.64	TEXT_EXTRACTED	samyutta-nikaya	samyutta-nikaya/sn12-64/sn12-64.pdf	samyutta-nikaya/sn12-64/sn12-64.txt	263931	26711	pymupdf	5669c370cb3dcbad61c494b321ffa9fabead93567d4a0165270c4ce4d3360fab	https://www.mindreleased.com/s/SN-1264-Atthirga-Sutta.pdf	Atthirāga Sutta (When Passion is Present) SN 12.64	https://www.mindreleased.com/pali-suttas	
AN 8.11	TEXT_EXTRACTED	anguttara-nikaya	anguttara-nikaya/an08-11/an08-11.pdf	anguttara-nikaya/an08-11/an08-11.txt	221853	17938	pymupdf	5550c4e91b436c2de9b323a0c38a3629e812c7c5a991fbf730cd641a3437d582	https://www.mindreleased.com/s/AN-811-Veraj-Sutta.pdf	Verañjā Sutta (At Verañjā) AN 8.11	https://www.mindreleased.com/pali-suttas	
SN 12.12	TEXT_EXTRACTED	samyutta-nikaya	samyutta-nikaya/sn12-12/sn12-12.pdf	samyutta-nikaya/sn12-12/sn12-12.txt	249948	8607	pymupdf	5ce4a248271719c902541544765a69fb6c37fc307dcb925c97c3687adf465b5c	https://www.mindreleased.com/s/SN-1212-Moiyaphagguna-Sutta.pdf	Moḷiyaphagguna Sutta (Discourse to the Venerable Moḷiyaphagguna) SN 12.12	https://www.mindreleased.com/pali-suttas	
AN 10.53	TEXT_EXTRACTED	anguttara-nikaya	anguttara-nikaya/an10-53/an10-53.pdf	anguttara-nikaya/an10-53/an10-53.txt	182142	6111	pymupdf	7a77ca53e8c687b95133ce3b05390e1a45e00a985c9d115f6f5019fcf4963160	https://www.mindreleased.com/s/AN-1053-hiti-Sutta.pdf	Ṭhiti Sutta (Becoming Stuck) AN 10.53	https://www.mindreleased.com/pali-suttas	
SN 35.101	TEXT_EXTRACTED	samyutta-nikaya	samyutta-nikaya/sn35-101/sn35-101.pdf	samyutta-nikaya/sn35-101/sn35-101.txt	237856	17108	pymupdf	0244d04664abb4809b92d3511fee4d4458897659e535867ede7b171b6ae50ffb	https://www.mindreleased.com/s/SN-35101-Pahamanatumhka-Sutta.pdf	Paṭhama Natumhāka Sutta (“They’re Not Yours!” - Part 1) SN 35.101	https://www.mindreleased.com/pali-suttas	
SN 35.238	TEXT_EXTRACTED	samyutta-nikaya	samyutta-nikaya/sn35-238/sn35-238.pdf	samyutta-nikaya/sn35-238/sn35-238.txt	253912	11663	pymupdf	477ce58e84949ffcf6465e6574196da1cf3e9be207a58bca2e6a11d7e8863711	https://www.mindreleased.com/s/SN-35238-svisopama-Sutta.pdf	Āsīvisopama Sutta (Simile of the Deadly Snakes) SN 35.238	https://www.mindreleased.com/pali-suttas	
AN 10.2	TEXT_EXTRACTED	anguttara-nikaya	anguttara-nikaya/an10-02/an10-02-02.pdf	anguttara-nikaya/an10-02/an10-02-02.txt	168954	3626	pymupdf	6c7d602e428d9c220b46fcaf906d46963026aad8296a09c74f2b5ad54e38c6bb	https://www.mindreleased.com/s/AN-102-Cetankara-Sutta.pdf	Cetanākaraṇī Sutta (Not Needing the Intention) AN 10.2	https://www.mindreleased.com/pali-suttas	
AN 10.1	TEXT_EXTRACTED	anguttara-nikaya	anguttara-nikaya/an10-01/an10-01.pdf	anguttara-nikaya/an10-01/an10-01.txt	166729	3140	pymupdf	c330eb5cfe12acfbc4dfb7ed7b2e2353773a6b2241cc3cb685abf54801eaec4e	https://www.mindreleased.com/s/AN-101-Kimatthiya-Sutta.pdf	Kimatthiya Sutta (The Purpose) AN 10.1	https://www.mindreleased.com/pali-suttas	
AN 5.49	TEXT_EXTRACTED	anguttara-nikaya	anguttara-nikaya/an05-49/an05-49.pdf	anguttara-nikaya/an05-49/an05-49.txt	211886	14489	pymupdf	d55bce577cb331d3d25e069501ece3262510b87392c9216899eca2d0ef8b7f3c	https://www.mindreleased.com/s/AN-549-Kosala-Sutta-Removal-of-the-Arrow-of-Grief.pdf	Kosala Sutta (In Kosala) or (The Removal of the Arrow of Grief) AN 5.49	https://www.mindreleased.com/pali-suttas	
SN 22.79	TEXT_EXTRACTED	samyutta-nikaya	samyutta-nikaya/sn22-79/sn22-79.pdf	samyutta-nikaya/sn22-79/sn22-79.txt	290426	26595	pymupdf	8f7d617d82c4905d0881e8365d5bf3c1228cfb15ba6eb9c70514b23b87895326	https://www.mindreleased.com/s/SN-2279-Khajjanya-Sutta.pdf	Khajjanīya Sutta (On Being Harassed) SN 22.79	https://www.mindreleased.com/pali-suttas	
SN 35.228	TEXT_EXTRACTED	samyutta-nikaya	samyutta-nikaya/sn35-228/sn35-228.pdf	samyutta-nikaya/sn35-228/sn35-228.txt	218906	5787	pymupdf	4e93e8b62160524c8adfe0bfd4dfc26d766a11cb5d066f96cc84b2851ddac375	https://www.mindreleased.com/s/SN-35228-Pahama-Samudda-Sutta.pdf	Paṭhama Samudda Sutta (Simile of the Ocean – Part 1) SN 35.228	https://www.mindreleased.com/pali-suttas	
SN 47.20	TEXT_EXTRACTED	samyutta-nikaya	samyutta-nikaya/sn47-20/sn47-20.pdf	samyutta-nikaya/sn47-20/sn47-20.txt	228929	4449	pymupdf	11d528a25b3870c4c7b7556e8a89c805f6c4e0ec6f3727cac6310bf396929aa4	https://www.mindreleased.com/s/SN-4720-Janapadakaly-Sutta.pdf	Janapadakalyāṇī Sutta (The Most Beautiful Young Woman) SN 47.20	https://www.mindreleased.com/pali-suttas	
AN 4.170	TEXT_EXTRACTED	anguttara-nikaya	anguttara-nikaya/an04-170/an04-170.pdf	anguttara-nikaya/an04-170/an04-170.txt	135176	3283	pymupdf	02b3142def50dd9fd1bfa5c68cb36717099aded1fd3d2e10ab2ebadfce72bdf3	https://www.mindreleased.com/s/AN-4170-Yuganaddha-Sutta.pdf	Yuganaddha Sutta (Both Combined) AN 4.170	https://www.mindreleased.com/pali-suttas	
Thag 17.3	TEXT_EXTRACTED	khuddaka-nikaya/theragatha	khuddaka-nikaya/theragatha/thag17-03/thag17-03.pdf	khuddaka-nikaya/theragatha/thag17-03/thag17-03.txt	260293	11978	pymupdf	5fdaef7271721f28e92b49fd6d05fa8b729d31338a6adfd32004ec2616f2b6cf	https://www.mindreleased.com/s/Thag-173-nandattheragth.pdf	Ānandattheragāthā (Verses of the Venerable Ānanda) Thag. 17.3	https://www.mindreleased.com/pali-suttas	
SN 55.21	TEXT_EXTRACTED	samyutta-nikaya	samyutta-nikaya/sn55-21/sn55-21.pdf	samyutta-nikaya/sn55-21/sn55-21.txt	204723	4748	pymupdf	bd03cbab9746870da2570671c255265a5f0bb42412b2ee7c95766bbdfe5551f1	https://www.mindreleased.com/s/SN-5521-Pahama-Mahnma-Sutta.pdf	Paṭhama Mahānāma Sutta (Discourse to Mahānāma – Part 1) SN 55.21	https://www.mindreleased.com/pali-suttas	
SN 22.85	TEXT_EXTRACTED	samyutta-nikaya	samyutta-nikaya/sn22-85/sn22-85.pdf	samyutta-nikaya/sn22-85/sn22-85.txt	323388	34649	pymupdf	c58409282e91c34504976d312349fd6547d974b97dbb3df0fa79c25b6efede23	https://www.mindreleased.com/s/SN-2285-Yamaka-Sutta.pdf	Yamaka Sutta (Discourse to The Venerable Yamaka) SN 22.85	https://www.mindreleased.com/pali-suttas	
AN 5.26	TEXT_EXTRACTED	anguttara-nikaya	anguttara-nikaya/an05-26/an05-26.pdf	anguttara-nikaya/an05-26/an05-26.txt	183048	8805	pymupdf	b0c7710f9184d17cf2d7f5bfe50e228618cdeb8851f223843e694487bf49a1d5	https://www.mindreleased.com/s/AN-526-Vimuttyatana-Sutta.pdf	Vimuttāyatana Sutta (Ways of Attaining Release) AN 5.26	https://www.mindreleased.com/pali-suttas	
AN 8.51	TEXT_EXTRACTED	anguttara-nikaya	anguttara-nikaya/an08-51/an08-51.pdf	anguttara-nikaya/an08-51/an08-51.txt	191453	22343	pymupdf	c2e5e2b661b75f96546b65759cc76d83e9dc90595e2e9fcc4eb3cceb6c102f74	https://www.mindreleased.com/s/AN-851-Gotam-Sutta.pdf	Gotamī Sutta (Mahāpajāpati Gotamī) AN 8.51	https://www.mindreleased.com/pali-suttas	
AN 8.41-50	TEXT_EXTRACTED	anguttara-nikaya	anguttara-nikaya/an08-41-50/an08-41-50.pdf	anguttara-nikaya/an08-41-50/an08-41-50.txt	475392	114988	pymupdf	764174b5ba5e9747ba64f8c5c5e0741179db8a109931f8533005108e5fb2031e	https://www.mindreleased.com/s/AN-VIII-41-50.pdf	Uposatha Vagga (Section on Observing the Full Moon Uposatha) AN VIII, Suttas 41-50	https://www.mindreleased.com/pali-suttas	
SN 54.11	TEXT_EXTRACTED	samyutta-nikaya	samyutta-nikaya/sn54-11/sn54-11.pdf	samyutta-nikaya/sn54-11/sn54-11.txt	217914	7563	pymupdf	1933ffbc5e79238ff54c60f6e694fc94d3147e8a6f51da4d2ae5b976d465ecd9	https://www.mindreleased.com/s/SN-5411-Icchnagala-Sutta.pdf	Icchānaṅgala Sutta (Icchānaṅgala Sutta) SN 54.11	https://www.mindreleased.com/pali-suttas	
MN 149	TEXT_EXTRACTED	majjhima-nikaya	majjhima-nikaya/mn149/mn149.pdf	majjhima-nikaya/mn149/mn149.txt	241682	42842	pymupdf	6f47de3ca2d0a5e9d7e04a1c28c5e6faf771916716ce2f653f50cd07d97889bc	https://www.mindreleased.com/s/MN-149-Mahsayatanika-Sutta.pdf	Mahāsaḷāyatanika Sutta (The Great Discourse on the Six Sense Spheres) MN 149	https://www.mindreleased.com/pali-suttas	
AN 8.73	TEXT_EXTRACTED	anguttara-nikaya	anguttara-nikaya/an08-73/an08-73.pdf	anguttara-nikaya/an08-73/an08-73.txt	182581	6879	pymupdf	7db5cad57972722af2a1355d0b17a9d1fe28bca53e7e0dc3ced1e89edd82dbf8	https://www.mindreleased.com/s/AN-873-Pahama-Maraassati-Sutta.pdf	Paṭhama Maraṇassati Sutta (Mindfulness of Death – Part 1) AN 8.73	https://www.mindreleased.com/pali-suttas	
SN 47.6	TEXT_EXTRACTED	samyutta-nikaya	samyutta-nikaya/sn47-06/sn47-06.pdf	samyutta-nikaya/sn47-06/sn47-06.txt	227110	7500	pymupdf	93e6867c700fe2bac1dba4bda7e5c1d886b145395c2d273b0a9ca10fe73469ba	https://www.mindreleased.com/s/SN-476-Sakuagghi-Sutta.pdf	Sakuṇagghi Sutta (Simile of the Hawk) SN 47.6	https://www.mindreleased.com/pali-suttas	
AN 7.72	TEXT_EXTRACTED	anguttara-nikaya	anguttara-nikaya/an07-72/an07-72.pdf	anguttara-nikaya/an07-72/an07-72.txt	199302	22895	pymupdf	8438ac143dafe8d284eaaa52b6f6a7b6a7cf334aa26269754a5bc668f1b4bbe9	https://www.mindreleased.com/s/AN-772-Aggikkhandhopama-Sutta.pdf	Aggikkhandhopama Sutta (A Blazing Bonfire) AN 7.72	https://www.mindreleased.com/pali-suttas	
MN 82	TEXT_EXTRACTED	majjhima-nikaya	majjhima-nikaya/mn82/mn82.pdf	majjhima-nikaya/mn82/mn82.txt	292505	57272	pymupdf	b372c1f83f03eaecd816ed5a3c4d2b8180c40210be8932499031291b7ecb3262	https://www.mindreleased.com/s/MN-82-Ratthapla-Sutta.pdf	Raṭṭhapāla Sutta (Raṭṭhapāla) MN 82	https://www.mindreleased.com/pali-suttas	
AN 7.74	TEXT_EXTRACTED	anguttara-nikaya	anguttara-nikaya/an07-74/an07-74.pdf	anguttara-nikaya/an07-74/an07-74.txt	181109	8823	pymupdf	112b8ad59f554f740a823039d34150b2afa3b22699a047dc2629d37b9a4e56ef	https://www.mindreleased.com/s/AN-774-Araka-Sutta.pdf	Araka Sutta (The Teacher Araka) AN 7.74	https://www.mindreleased.com/pali-suttas	
AN 7.71	TEXT_EXTRACTED	anguttara-nikaya	anguttara-nikaya/an07-71/an07-71.pdf	anguttara-nikaya/an07-71/an07-71.txt	173475	7437	pymupdf	66024516a76cc2b25cdeaa91bb3386ce8f4c06acd1054cc25f7cfb421ad3f4dc	https://www.mindreleased.com/s/AN-771-Bhvan-Sutta.pdf	Bhāvanā Sutta (Dedication to Cultivating the Mind) AN 7.71	https://www.mindreleased.com/pali-suttas	
AN 7.65	TEXT_EXTRACTED	anguttara-nikaya	anguttara-nikaya/an07-65/an07-65.pdf	anguttara-nikaya/an07-65/an07-65.txt	144912	4438	pymupdf	712f482117b5e5ec14a9edfada27dc6832d14566b304ad61148c115f1bfb7ed5	https://www.mindreleased.com/s/AN-765-Hir-Ottappa-Sutta.pdf	Hirī Ottappa Sutta (Wise Moral Shame & Wise Moral Fear) AN 7.65	https://www.mindreleased.com/pali-suttas	
SN 51.81	TEXT_EXTRACTED	samyutta-nikaya	samyutta-nikaya/sn51-81/sn51-81.pdf	samyutta-nikaya/sn51-81/sn51-81.txt	166352	2897	pymupdf	1375f9cf024cc3273bf69197275ddd09613801b89a522fb1ff520bd44dc658b1	https://www.mindreleased.com/s/SN-5181-Anusaya-Sutta.pdf	Anusaya Sutta (The Underlying Drives) SN 51.81	https://www.mindreleased.com/pali-suttas	
SN 12.25	TEXT_EXTRACTED	samyutta-nikaya	samyutta-nikaya/sn12-25/sn12-25.pdf	samyutta-nikaya/sn12-25/sn12-25.txt	208382	10856	pymupdf	26802980b8f908a27bc4806246d657f145e8bca7b88face480d35348f04afe70	https://www.mindreleased.com/s/SN-1225-Bhmija-Sutta-ygk6.pdf	Bhūmija Sutta (To Bhumija) SN 12.25	https://www.mindreleased.com/pali-suttas	
MN 121	TEXT_EXTRACTED	majjhima-nikaya	majjhima-nikaya/mn121/mn121.pdf	majjhima-nikaya/mn121/mn121.txt	185209	16303	pymupdf	ac0df6dc87cd78667f0ec01f667e8f1c320bbb969d19b7d186fb9a43c5d55a6c	https://www.mindreleased.com/s/MN-121-Ca-Suat-Sutta-xjln.pdf	Cūḷa Suññatā Sutta (Shorter Discourse on Emptiness) MN 121	https://www.mindreleased.com/pali-suttas	
AN 10.58	TEXT_EXTRACTED	anguttara-nikaya	anguttara-nikaya/an10-58/an10-58.pdf	anguttara-nikaya/an10-58/an10-58.txt	147318	2609	pymupdf	1a6a48126710fff35441f4f310eab3f8ad7a7341dcae70a9b3e3ce0f63a302d2	https://www.mindreleased.com/s/AN-1058-Bhagav-Mlaka-Sutta.pdf	Bhagavā Mūlaka Sutta (Rooted in The Blessed One) AN 10.58	https://www.mindreleased.com/pali-suttas	
MN 28	TEXT_EXTRACTED	majjhima-nikaya	majjhima-nikaya/mn28/mn28.pdf	majjhima-nikaya/mn28/mn28.txt	269455	43012	pymupdf	dbcb41f2cc5d13ed9977db1e3435307983b92a173190fd38d7a878242e9001c4	https://www.mindreleased.com/s/MN-28-Mah-Hatthipadopama-Sutta.pdf	Mahā Hatthipadopama Sutta (Greater Discourse on The Elephant’s Footprint) MN 28	https://www.mindreleased.com/pali-suttas	
Snp 5.4	TEXT_EXTRACTED	khuddaka-nikaya/sutta-nipata	khuddaka-nikaya/sutta-nipata/snp05-04/snp05-04.pdf	khuddaka-nikaya/sutta-nipata/snp05-04/snp05-04.txt	190082	2632	pymupdf	237d0d9be23e785be19873a1acc70cbcf56b00ffb86577043e46e808b3fcd430	https://www.mindreleased.com/s/Snp-54-Puakamavapucch-Sutta.pdf	Puṇṇakamāṇavapucchā Sutta (Venerable Puṇṇaka’s Questions) Snp. 5.4	https://www.mindreleased.com/pali-suttas	
AN 4.41	TEXT_EXTRACTED	anguttara-nikaya	anguttara-nikaya/an04-41/an04-41.pdf	anguttara-nikaya/an04-41/an04-41.txt	145254	5161	pymupdf	b6574b77901ff24c5e733fa03e7c9a873a5cf1fca99be1d8dce22c676e6b2eae	https://www.mindreleased.com/s/AN-441-Samdhibhvan-Sutta.pdf	Samādhi Bhāvana Sutta (Developing the Collectedness of Mind) AN 4.41	https://www.mindreleased.com/pali-suttas	
AN 6.88	TEXT_EXTRACTED	anguttara-nikaya	anguttara-nikaya/an06-88/an06-88.pdf	anguttara-nikaya/an06-88/an06-88.txt	106599	2051	pymupdf	6ef11167cb96c49d79ad427770c136460b8337b33745f1e96be64e1a9afe5c27	https://www.mindreleased.com/s/AN-688-Susssati-Sutta.pdf	Sussūsati Sutta (Desiring to Listen) AN 6.88	https://www.mindreleased.com/pali-suttas	
AN 6.86	TEXT_EXTRACTED	anguttara-nikaya	anguttara-nikaya/an06-86/an06-86.pdf	anguttara-nikaya/an06-86/an06-86.txt	111170	1471	pymupdf	9e490ac52b0e31c4903a95594acf4ecd70f8e0d5f1d67aad276a1d7bf06445e1	https://www.mindreleased.com/s/AN-686-varaa-Sutta.pdf	Āvaraṇa Sutta (Obstructions) AN 6.86	https://www.mindreleased.com/pali-suttas	
SN 12.63	TEXT_EXTRACTED	samyutta-nikaya	samyutta-nikaya/sn12-63/sn12-63.pdf	samyutta-nikaya/sn12-63/sn12-63.txt	248608	8814	pymupdf	3be118429bec037769643d27a6658906a48927b65292f43e3f3cd22bc3f314b6	https://www.mindreleased.com/s/SN-1263-Puttamasa-Sutta.pdf	Puttamaṁsa Sutta (The Son’s Flesh) SN 12.63	https://www.mindreleased.com/pali-suttas	
SN 1.20	TEXT_EXTRACTED	samyutta-nikaya	samyutta-nikaya/sn01-20/sn01-20.pdf	samyutta-nikaya/sn01-20/sn01-20.txt	232553	7620	pymupdf	d2f1907d2eaffff3b969cb59deab9cec659cb9976f2d82914c7279eddc66268d	https://www.mindreleased.com/s/SN-120-Samiddhi-Sutta.pdf	Samiddhi Sutta (With Venerable Samiddhi) SN 1.20	https://www.mindreleased.com/pali-suttas	
AN 7.56	TEXT_EXTRACTED	anguttara-nikaya	anguttara-nikaya/an07-56/an07-56.pdf	anguttara-nikaya/an07-56/an07-56.txt	167215	12383	pymupdf	a67006804162dd361006dc5cb82e96eca43ff91b4b7e4742f5c3bb8e768ec220	https://www.mindreleased.com/s/AN-756-Tissa-Brahm-Sutta.pdf	Tissa Brahmā Sutta (Tissa, the Brahmā) AN 7.56	https://www.mindreleased.com/pali-suttas	
Snp 2.2	TEXT_EXTRACTED	khuddaka-nikaya/sutta-nipata	khuddaka-nikaya/sutta-nipata/snp02-02/snp02-02.pdf	khuddaka-nikaya/sutta-nipata/snp02-02/snp02-02.txt	148728	5074	pymupdf	ddbd135906198469304cd9aeb00692dd7ab09ecaf8be9cee4af87e44a4182a7f	https://www.mindreleased.com/s/Snp-22-magandha-Sutta.pdf	Āmagandha Sutta (The Stench of Decomposing Flesh) Snp. 2.2	https://www.mindreleased.com/pali-suttas	
SN 35.93	TEXT_EXTRACTED	samyutta-nikaya	samyutta-nikaya/sn35-93/sn35-93.pdf	samyutta-nikaya/sn35-93/sn35-93.txt	237080	11252	pymupdf	0c9d0854dc8f288b71ea1816dc04c6b08fd33b25fa57772b8fc10be1c5bbcadd	https://www.mindreleased.com/s/SN-3593-Dutiyadvayam-Sutta.pdf	Dutiya Dvayam Sutta (The Dyad – Part 2) SN 35.93	https://www.mindreleased.com/pali-suttas	
SN 46.54	TEXT_EXTRACTED	samyutta-nikaya	samyutta-nikaya/sn46-54/sn46-54.pdf	samyutta-nikaya/sn46-54/sn46-54.txt	299169	21702	pymupdf	61a2257fe33e707d01126164bfc31d5f137d13548016ee4253f860ab138230e6	https://www.mindreleased.com/s/SN-4654-Mettsahagata-Sutta.pdf	Mettāsahagata Sutta (Radiating Universally Benevolent Loving Kindness) SN 46.54	https://www.mindreleased.com/pali-suttas	
AN 7.49	TEXT_EXTRACTED	anguttara-nikaya	anguttara-nikaya/an07-49/an07-49-02.pdf	anguttara-nikaya/an07-49/an07-49-02.txt	176564	24037	pymupdf	f3751cb623966e407f04dbe73bdc33057448f2102c96c4180bca3d669d138899	https://www.mindreleased.com/s/AN-749-Dutiya-Sa-Sutta.pdf	Dutiya Saññā Sutta (On Perceptions - Part 2) AN 7.49	https://www.mindreleased.com/pali-suttas	
MN 53	TEXT_EXTRACTED	majjhima-nikaya	majjhima-nikaya/mn53/mn53.pdf	majjhima-nikaya/mn53/mn53.txt	208511	23612	pymupdf	cd9a10649dfb986dd0856e9b2611a5a8fe543dd17c490b67f47de208e921c041	https://www.mindreleased.com/s/MN-53-Sekha-Sutta.pdf	Sekha Sutta (The Noble Disciple in Training) MN 53	https://www.mindreleased.com/pali-suttas	
SN 45.55	TEXT_EXTRACTED	samyutta-nikaya	samyutta-nikaya/sn45-55/sn45-55.pdf	samyutta-nikaya/sn45-55/sn45-55.txt	183794	3700	pymupdf	43d4f9e914a710088f507d534ca9b6ad7108b5240394628377cd6734fec40293	https://www.mindreleased.com/s/SN-4555-Yoniso-Manasikra-Sampad-Sutta.pdf	Yoniso Manasikāra Sampadā Sutta (Accomplishment of Radical Attention) SN 45.55	https://www.mindreleased.com/pali-suttas	
SN 36.8	TEXT_EXTRACTED	samyutta-nikaya	samyutta-nikaya/sn36-08/sn36-08.pdf	samyutta-nikaya/sn36-08/sn36-08.txt	202742	10624	pymupdf	7a7436f0c096fe7a87e6a4889a84484703670b50dcbfdced38c3c3e8a1e073c2	https://www.mindreleased.com/s/SN-368-Dutiya-Gelaa-Sutta.pdf	Dutiya Gelañña Sutta (The Sick Bay - Part 2) SN 36.8	https://www.mindreleased.com/pali-suttas	
SN 36.7	TEXT_EXTRACTED	samyutta-nikaya	samyutta-nikaya/sn36-07/sn36-07.pdf	samyutta-nikaya/sn36-07/sn36-07.txt	201801	10563	pymupdf	621e392f90d1ee09703ee7c460d65882bedb6270b1f6898d0a06f6394da677c8	https://www.mindreleased.com/s/SN-367-Pahama-Gelaa-Sutta.pdf	Paṭhama Gelañña Sutta (The Sick Bay - Part 1) SN 36.7	https://www.mindreleased.com/pali-suttas	
SN 35.241	TEXT_EXTRACTED	samyutta-nikaya	samyutta-nikaya/sn35-241/sn35-241.pdf	samyutta-nikaya/sn35-241/sn35-241.txt	223459	4955	pymupdf	18041412e7a79175e12a46e58f2528efa32832d947cb7f357d5ed6a75ae15d9f	https://www.mindreleased.com/s/SN-35241-Pahama-Drukkhandha-Sutta.pdf	Paṭhama Dārukkhandha Sutta (The Log - Part 1) SN 35.241	https://www.mindreleased.com/pali-suttas	
SN 12.38	TEXT_EXTRACTED	samyutta-nikaya	samyutta-nikaya/sn12-38/sn12-38.pdf	samyutta-nikaya/sn12-38/sn12-38.txt	166659	2770	pymupdf	563326b6708ec36293159c3b01eae18df5be777047d43a576c5a5f43f4fbef60	https://www.mindreleased.com/s/SN-1238-Cetan-Sutta.pdf	Cetanā Sutta (Intentionality) SN 12.38	https://www.mindreleased.com/pali-suttas	
SN 12.67	TEXT_EXTRACTED	samyutta-nikaya	samyutta-nikaya/sn12-67/sn12-67-02.pdf	samyutta-nikaya/sn12-67/sn12-67-02.txt	244167	22969	pymupdf	6376f4fbafbc677a3d0e6fe85afbafad3725b90648b3da9997b6a494337f5ac4	https://www.mindreleased.com/s/SN-1267-Naakalp-Sutta.pdf	Naḷakalāpī Sutta (Bundles of Reeds) SN 12.67	https://www.mindreleased.com/pali-suttas	
Snp 1.1	TEXT_EXTRACTED	khuddaka-nikaya/sutta-nipata	khuddaka-nikaya/sutta-nipata/snp01-01/snp01-01-02.pdf	khuddaka-nikaya/sutta-nipata/snp01-01/snp01-01-02.txt	146241	4320	pymupdf	3264c708efa0d153594c89f032956fe139aacbc7b726d2ec7978f8922ce1f9ff	https://www.mindreleased.com/s/Snp-11-Uraga-Sutta.pdf	Uraga Sutta (The Snake) Snp. 1.1	https://www.mindreleased.com/pali-suttas	
Snp 1.5	TEXT_EXTRACTED	khuddaka-nikaya/sutta-nipata	khuddaka-nikaya/sutta-nipata/snp01-05/snp01-05.pdf	khuddaka-nikaya/sutta-nipata/snp01-05/snp01-05.txt	144422	2534	pymupdf	e1bde5eea380e932bfd15651363f7cca16f99ba838a573560235d6448113ea76	https://www.mindreleased.com/s/Snp-15-Cunda-Sutta.pdf	Cunda Sutta (To Cunda) Snp. 1.5	https://www.mindreleased.com/pali-suttas	
AN 5.79	TEXT_EXTRACTED	anguttara-nikaya	anguttara-nikaya/an05-79/an05-79-02.pdf	anguttara-nikaya/an05-79/an05-79-02.txt	179202	7785	pymupdf	945c3080a707c33cc2c0e4495d05a43d76ec39e13d8351da75122cfbcf95cea7	https://www.mindreleased.com/s/AN-579-Tatiyaangatabhaya-Sutta.pdf	Tatiyaanāgatabhaya Sutta (Terrors to come - Part 3) AN 5.79	https://www.mindreleased.com/pali-suttas	
AN 6.56	TEXT_EXTRACTED	anguttara-nikaya	anguttara-nikaya/an06-56/an06-56.pdf	anguttara-nikaya/an06-56/an06-56.txt	149273	8961	pymupdf	7e60398d9f8b101c5821a92a9be496aec1e5a506f0f7bc9dda3c10925e44ea7e	https://www.mindreleased.com/s/AN-656-Phaggua-Sutta.pdf	Phagguṇa Sutta (With the Venerable Phagguṇa) AN 6.56	https://www.mindreleased.com/pali-suttas	
AN 7.50	TEXT_EXTRACTED	anguttara-nikaya	anguttara-nikaya/an07-50/an07-50.pdf	anguttara-nikaya/an07-50/an07-50.txt	181653	11053	pymupdf	5330e9724670e6d2a753209da799e6b8a0b818a515b66668709a9d6a60663af3	https://www.mindreleased.com/s/AN-750-Methuna-Sutta.pdf	Methuna Sutta (On Sexual Lust) AN 7.50	https://www.mindreleased.com/pali-suttas	
Snp 1.11	TEXT_EXTRACTED	khuddaka-nikaya/sutta-nipata	khuddaka-nikaya/sutta-nipata/snp01-11/snp01-11.pdf	khuddaka-nikaya/sutta-nipata/snp01-11/snp01-11.txt	149846	2823	pymupdf	a3f67c456f6f1710f6145fe69d94d57b346a0f69c7591c68db2bb55b737eb689	https://www.mindreleased.com/s/Snp-111-Vijaya-Sutta.pdf	Vijaya Sutta (Victory) Snp. 1.11	https://www.mindreleased.com/pali-suttas	
MN 121	TEXT_EXTRACTED	majjhima-nikaya	majjhima-nikaya/mn121/mn121-02.pdf	majjhima-nikaya/mn121/mn121-02.txt	160115	16427	pymupdf	8ec58a98a8f56e82a96167b34e90e235bc148580a223557dba9f6065a9383815	https://www.mindreleased.com/s/MN-121-Ca-Suat-Sutta.pdf	Cūḷa Suññatā Sutta (Shorter Discourse on Emptiness) MN 121	https://www.mindreleased.com/pali-suttas	
Snp 2.4	TEXT_EXTRACTED	khuddaka-nikaya/sutta-nipata	khuddaka-nikaya/sutta-nipata/snp02-04/snp02-04.pdf	khuddaka-nikaya/sutta-nipata/snp02-04/snp02-04.txt	177363	4058	pymupdf	6cec9a53cb40455cdc79c3d7946698961b770eea4af32e94e775bb69f92de11c	https://www.mindreleased.com/s/Sn-24-Magala-Sutta.pdf	Maṅgala Sutta (Greatest of Blessings) Snp. 2.4	https://www.mindreleased.com/pali-suttas	
AN 7.52	TEXT_EXTRACTED	anguttara-nikaya	anguttara-nikaya/an07-52/an07-52.pdf	anguttara-nikaya/an07-52/an07-52.txt	189800	15254	pymupdf	25affdf577d8d3800f9e7f8f48d3151637a61b73414018c505c54574c39a540e	https://www.mindreleased.com/s/AN-752-Dnamahpphala-Sutta.pdf	Dāna Mahāpphala Sutta (Giving a Great Fruitful Gift) AN 7.52	https://www.mindreleased.com/pali-suttas	
SN 12.25	TEXT_EXTRACTED	samyutta-nikaya	samyutta-nikaya/sn12-25/sn12-25-02.pdf	samyutta-nikaya/sn12-25/sn12-25-02.txt	181225	10861	pymupdf	70e7d556a663d3f2868699f5a06c8c64e3ae3938a56e493d55ec84f6927f0854	https://www.mindreleased.com/s/SN-1225-Bhmija-Sutta.pdf	Bhūmija Sutta (To Bhūmija) SN 12.25	https://www.mindreleased.com/pali-suttas	
SN 52.8	TEXT_EXTRACTED	samyutta-nikaya	samyutta-nikaya/sn52-08/sn52-08.pdf	samyutta-nikaya/sn52-08/sn52-08.txt	239621	10867	pymupdf	c9557617f7c0e4838441caa45c44aa71264880445130841cec984f647d243ef5	https://www.mindreleased.com/s/SN-528-Salagra-Sutta.pdf	alaḷāgāra Sutta (The Frankincense-tree Hut) SN 52.8	https://www.mindreleased.com/pali-suttas	
MN 10	TEXT_EXTRACTED	majjhima-nikaya	majjhima-nikaya/mn10/mn10.pdf	majjhima-nikaya/mn10/mn10.txt	328803	71465	pymupdf	be60cced1abcb90db0500c488aaeec5b90cdcf2efc840006c66ecbead0e5ebe4	https://www.mindreleased.com/s/MN-10-Satipahna-Sutta.pdf	Satipaṭṭhāna Sutta (Discourse on the Four Establishments of Mindfulness) MN 10	https://www.mindreleased.com/pali-suttas	
MN 146	TEXT_EXTRACTED	majjhima-nikaya	majjhima-nikaya/mn146/mn146.pdf	majjhima-nikaya/mn146/mn146.txt	261397	44249	pymupdf	777c90d84aff419762dec492d9ecbb2c808b2364cb70d9c10c44b253fcb20f2b	https://www.mindreleased.com/s/MN-146-Nandakovda-Sutta.pdf	Nandakovāda Sutta (The Venerable Nandaka’s Instruction) MN 146	https://www.mindreleased.com/pali-suttas	
AN 7.51	TEXT_EXTRACTED	anguttara-nikaya	anguttara-nikaya/an07-51/an07-51.pdf	anguttara-nikaya/an07-51/an07-51.txt	113344	6121	pymupdf	0c010c9f36913fea7a305e3bf468f03b97a79915657664894126e845f24d9bae	https://www.mindreleased.com/s/AN-751-Sayoga-Sutta.pdf	Saṁyoga Sutta (On Joining & Splitting) AN 7.51	https://www.mindreleased.com/pali-suttas	
SN 36.6	TEXT_EXTRACTED	samyutta-nikaya	samyutta-nikaya/sn36-06/sn36-06.pdf	samyutta-nikaya/sn36-06/sn36-06.txt	182444	8668	pymupdf	005e1cf58684acf16a6a24c1798b20e0f5a448b5327acf68101f797e32841b1f	https://www.mindreleased.com/s/SN-36-6-Salla-Sutta.pdf	Salla Sutta (The Arrow) SN 36.6	https://www.mindreleased.com/pali-suttas	
AN 4.53	TEXT_EXTRACTED	anguttara-nikaya	anguttara-nikaya/an04-53/an04-53.pdf	anguttara-nikaya/an04-53/an04-53.txt	167006	5819	pymupdf	dbb7a7bf300f783db518b0de905aecc5ac246f49e248cb311fad4a77bc53071f	https://www.mindreleased.com/s/AN-453-Pahamasavsa-Sutta.pdf	Paṭhamasaṃvāsa Sutta (On Living Together - Part 1) AN 4.53	https://www.mindreleased.com/pali-suttas	
Snp 1.4	TEXT_EXTRACTED	khuddaka-nikaya/sutta-nipata	khuddaka-nikaya/sutta-nipata/snp01-04/snp01-04.pdf	khuddaka-nikaya/sutta-nipata/snp01-04/snp01-04.txt	173051	6010	pymupdf	8e7361ed81c0c183cc4ee1ad9a1552262447d3cbc9c92a9c97bf3a7e28a9dbfc	https://www.mindreleased.com/s/Sn-14-Kasibhradvja-Sutta.pdf	Kasibhāradvāja Sutta (The Farmer Bhāradvāja) Snp. 1.4	https://www.mindreleased.com/pali-suttas	
AN 4.159	TEXT_EXTRACTED	anguttara-nikaya	anguttara-nikaya/an04-159/an04-159.pdf	anguttara-nikaya/an04-159/an04-159.txt	182848	6758	pymupdf	cddf67a7ed44380bbb929303960e0309f832e8aa0bb784afbba8ba3edd1c690f	https://www.mindreleased.com/s/AN-4159-Bhikkhuni-Sutta.pdf	Bhikkhuni Sutta (Discourse to a Bhikkhuni) AN 4.159	https://www.mindreleased.com/pali-suttas	
MN 122	TEXT_EXTRACTED	majjhima-nikaya	majjhima-nikaya/mn122/mn122.pdf	majjhima-nikaya/mn122/mn122.txt	202169	25871	pymupdf	5a55c1e184b5d193d5f98e4b67d808d1966e8c2e3f1a45e4078ae656e6f0fa0b	https://www.mindreleased.com/s/MN-122-Mah-Suata-Sutta.pdf	Mahā Suññata Sutta (Greater Discourse on Emptiness) MN 122	https://www.mindreleased.com/pali-suttas	
DN 16	TEXT_EXTRACTED	digha-nikaya	digha-nikaya/dn16/dn16.pdf	digha-nikaya/dn16/dn16.txt	764802	207913	pymupdf	449519b5a0257eaaeef9c92015d5332d548606f120dae53ee00b11819e69aa3b	https://www.mindreleased.com/s/DN-16-Mahparinibbna-Sutta-complete.pdf	Mahā Parinibbāna Sutta (The Great Discourse on Lord Buddha’s Final Release) DN 16 (Complete)	https://www.mindreleased.com/pali-suttas	
MN 62	TEXT_EXTRACTED	majjhima-nikaya	majjhima-nikaya/mn62/mn62.pdf	majjhima-nikaya/mn62/mn62.txt	160086	16462	pymupdf	f943941f4ae7757a2ba45b8986134b74339d759a3d3870a21beedcbea55226c9	https://www.mindreleased.com/s/MN-62-Mah-Rahulovda-Sutta.pdf	Mahā Rahulovāda Sutta (Greater Discourse on the Advice to the Venerable Rāhula) MN 62	https://www.mindreleased.com/pali-suttas	
SN 56.11	TEXT_EXTRACTED	samyutta-nikaya	samyutta-nikaya/sn56-11/sn56-11.pdf	samyutta-nikaya/sn56-11/sn56-11.txt	235281	12413	pymupdf	7730441fe99bfa5875c03acdb4c1eefb81b3ca8c1b3f3258b10300c881ff8feb	https://www.mindreleased.com/s/SN-5611-Dhammacakkappavattana-Sutta.pdf	Dhammacakkappavattana Sutta (Setting the Wheel of Dhamma in Motion) SN 56.11	https://www.mindreleased.com/pali-suttas	
AN 5.140	TEXT_EXTRACTED	anguttara-nikaya	anguttara-nikaya/an05-140/an05-140.pdf	anguttara-nikaya/an05-140/an05-140.txt	144897	8616	pymupdf	cb9e392de659e3e395f2459fcd5295da8638af57bed4df090dcefcc9e63f6fc7	https://www.mindreleased.com/s/AN-5140-Sota-Sutta.pdf	Sota Sutta (Attentive Listener) AN 5.140	https://www.mindreleased.com/pali-suttas	
SN 52.1	TEXT_EXTRACTED	samyutta-nikaya	samyutta-nikaya/sn52-01/sn52-01.pdf	samyutta-nikaya/sn52-01/sn52-01.txt	198926	12558	pymupdf	214d6ff9c2e310bad579b2b035358cd9f1d9ba4c7f676d4a7738fb93ac2dff77	https://www.mindreleased.com/s/SN-521-Pahamarahogata-Sutta.pdf	Paṭhama Rahogata Sutta (In Seclusion – Part 1) SN 52.1	https://www.mindreleased.com/pali-suttas	
SN 12.2	TEXT_EXTRACTED	samyutta-nikaya	samyutta-nikaya/sn12-02/sn12-02.pdf	samyutta-nikaya/sn12-02/sn12-02.txt	172590	7148	pymupdf	4a25fdc87ca1285f71eceb93219415514562c56f80a3a6da44b0602ded8fe16a	https://www.mindreleased.com/s/SN-12-Vibhaga-Sutta.pdf	Vibhaṅga Sutta (An Explanation) SN 12.2	https://www.mindreleased.com/pali-suttas	
SN 12.23	TEXT_EXTRACTED	samyutta-nikaya	samyutta-nikaya/sn12-23/sn12-23.pdf	samyutta-nikaya/sn12-23/sn12-23.txt	231634	12487	pymupdf	76444cfbb5e85a195f23aaabc560313ccbda35b733574e1dbdd6fc88664455c8	https://www.mindreleased.com/s/SN-1223-Upanisa-Sutta.pdf	Upanisa Sutta (Closely Tied To) SN 12.23	https://www.mindreleased.com/pali-suttas	
AN 6.13	TEXT_EXTRACTED	anguttara-nikaya	anguttara-nikaya/an06-13/an06-13.pdf	anguttara-nikaya/an06-13/an06-13.txt	151312	6805	pymupdf	605ab2eb6ab4092c8ba2865ad0cf463da90e764d823c6bb45c862406c30606de	https://www.mindreleased.com/s/AN-613-Nissraya-Sutta.pdf	Nissāraṇīya Sutta (Elements to be Driven Out) AN 6.13	https://www.mindreleased.com/pali-suttas	
SN 35.240	TEXT_EXTRACTED	samyutta-nikaya	samyutta-nikaya/sn35-240/sn35-240.pdf	samyutta-nikaya/sn35-240/sn35-240.txt	182148	4192	pymupdf	4506d314d501d0ffb7b263164c7596f5da61a176d8f16b1b8763f8b814a67073	https://www.mindreleased.com/s/SN-35-240-Kummopama-Sutta.pdf	Kummopama Sutta (The Tortoise Simile) SN 35.240	https://www.mindreleased.com/pali-suttas	
AN 3.116	TEXT_EXTRACTED	anguttara-nikaya	anguttara-nikaya/an03-116/an03-116.pdf	anguttara-nikaya/an03-116/an03-116.txt	104302	3784	pymupdf	2beff9b752355e9b10d3f72791799f50da09ca7ee299dd34d9c1a00a66d403fb	https://www.mindreleased.com/s/AN-3116-neja-Sutta.pdf	Āneñja Sutta (Immovable States) AN 3.116	https://www.mindreleased.com/pali-suttas	
AN 6.10	TEXT_EXTRACTED	anguttara-nikaya	anguttara-nikaya/an06-10/an06-10.pdf	anguttara-nikaya/an06-10/an06-10.txt	160168	10352	pymupdf	f5eb6966b0ade38980d54b7169f491f1dc7839ac4b328767288579d44a018a66	https://www.mindreleased.com/s/AN-610-Mahnma-Sutta.pdf	Mahānāma Sutta (Mahānāma, the Sakyan) AN 6.10	https://www.mindreleased.com/pali-suttas	
SN 35.95	TEXT_EXTRACTED	samyutta-nikaya	samyutta-nikaya/sn35-95/sn35-95.pdf	samyutta-nikaya/sn35-95/sn35-95.txt	260951	22254	pymupdf	442cbab32152ccda0968670f2e7fca9b3d045305fd48349593860390d6ee6efc	https://www.mindreleased.com/s/SN-35-95-Mlukyaputta-Sutta.pdf	Māluṅkyaputta Sutta (On Māluṅkyaputta) SN 35.95	https://www.mindreleased.com/pali-suttas	
MN 44	TEXT_EXTRACTED	majjhima-nikaya	majjhima-nikaya/mn44/mn44.pdf	majjhima-nikaya/mn44/mn44.txt	197964	21216	pymupdf	c73883a212bbc529179c77a688f80764c8b022819530739a8d634b4d7b5be8af	https://www.mindreleased.com/s/MN-44-Cavedalla-Sutta.pdf	Cūḷavedalla Sutta (Shorter Discourse on a Series of Clarifications) MN 44	https://www.mindreleased.com/pali-suttas	
AN 3.65	TEXT_EXTRACTED	anguttara-nikaya	anguttara-nikaya/an03-65/an03-65.pdf	anguttara-nikaya/an03-65/an03-65.txt	213722	14493	pymupdf	7cd9f2be2326bbb33afd2a567d71139cc85d34449feb5f0ce49bd93d249ecf52	https://www.mindreleased.com/s/AN-365-Kesaputttiya-Klama-Sutta.pdf	Kesaputtiya (Kālama) Sutta (Discourse to the Kālamas) AN 3.65	https://www.mindreleased.com/pali-suttas	
SN 41.6	TEXT_EXTRACTED	samyutta-nikaya	samyutta-nikaya/sn41-06/sn41-06.pdf	samyutta-nikaya/sn41-06/sn41-06.txt	213183	7331	pymupdf	e045ac77ef79b0530d0a58872789f036ca7cda2c13280d8bef4971494cefe5e7	https://www.mindreleased.com/s/SN-41-6-Dutiyakmabh-Sutta.pdf	Dutiya Kāmabhū Sutta (With Kāmabhū – Part 2) SN 41.6	https://www.mindreleased.com/pali-suttas	
AN 4.45	TEXT_EXTRACTED	anguttara-nikaya	anguttara-nikaya/an04-45/an04-45.pdf	anguttara-nikaya/an04-45/an04-45.txt	158323	3750	pymupdf	b25bb6e5f42ea79ddbd23f50b1eee92856a1fb9efba272e9d5a779e8ae49095e	https://www.mindreleased.com/s/AN-445-Pahama-Rohitassa-Sutta.pdf	Paṭhama Rohitassa Sutta (To Rohitassa: Son of the Gods - Part 1) AN 4.45	https://www.mindreleased.com/pali-suttas	
SN 46.14	TEXT_EXTRACTED	samyutta-nikaya	samyutta-nikaya/sn46-14/sn46-14.pdf	samyutta-nikaya/sn46-14/sn46-14.txt	193877	4014	pymupdf	fe3da5008e04ce92e20dacb238f512a468608b821e8c954cc2dbf36b01d2e495	https://www.mindreleased.com/s/SN-4614-Kassapa-Bojjhaga-Sutta.pdf	Kassapa Bojjhaṅga Sutta (Kassapa & the Seven Factors of Awakening) SN 46.14	https://www.mindreleased.com/pali-suttas	
SN 41.1	TEXT_EXTRACTED	samyutta-nikaya	samyutta-nikaya/sn41-01/sn41-01.pdf	samyutta-nikaya/sn41-01/sn41-01.txt	188549	4445	pymupdf	57e9ddaf1cb94dc6fcd614999617964cd3fc42b77a000c1bee0699cce64d23ad	https://www.mindreleased.com/s/SN-41-1-Sayojana-Sutta-9c96.pdf	Saṃyojana Sutta (Discourse on the Fetters) SN 41.1	https://www.mindreleased.com/pali-suttas	
AN 5.28	TEXT_EXTRACTED	anguttara-nikaya	anguttara-nikaya/an05-28/an05-28.pdf	anguttara-nikaya/an05-28/an05-28.txt	167267	13717	pymupdf	daeeb8f4e7a06cf1a7d8842d991ed201d5a65cf1b393036abcd8f00df70eed6c	https://www.mindreleased.com/s/AN-528-Pacagika-Sutta.pdf	Pañcaṅgika Sutta (Discourse on the Five-Factored) AN 5.28	https://www.mindreleased.com/pali-suttas	
MN 128	TEXT_EXTRACTED	majjhima-nikaya	majjhima-nikaya/mn128/mn128.pdf	majjhima-nikaya/mn128/mn128.txt	212735	29915	pymupdf	d65a247ccfe45d37cc5fdaf72c3c939a6b64a437d681a8bd9d5864bef32e2c7e	https://www.mindreleased.com/s/MN-128-Upakkilesa-Sutta.pdf	Upakkilesa Sutta (Discourse on the Deceptions in the Mind) MN 128	https://www.mindreleased.com/pali-suttas	
AN 10.177	TEXT_EXTRACTED	anguttara-nikaya	anguttara-nikaya/an10-177/an10-177.pdf	anguttara-nikaya/an10-177/an10-177.txt	148409	14340	pymupdf	dc285f42ceeee135ce9ed77e92970f08cdcf7a6f481156ef5866fd2511216a29	https://www.mindreleased.com/s/AN-10177-Jussoi-Sutta.pdf	Jāṇussoṇi Sutta (Discourse to Jāṇussoṇi: “So, Who’s Getting All the Merits?”) AN 10.177	https://www.mindreleased.com/pali-suttas	
MN 31	TEXT_EXTRACTED	majjhima-nikaya	majjhima-nikaya/mn31/mn31.pdf	majjhima-nikaya/mn31/mn31.txt	184445	19367	pymupdf	56a7c136741679d349d1095dd5a85037a4b4fb275d093e2bb8818c8b4b69550f	https://www.mindreleased.com/s/MN-31-Culagosinga-Sutta.pdf	Culagosinga Sutta (The Shorter Discourse in Gosinga) MN 31	https://www.mindreleased.com/pali-suttas	
AN 6.61	TEXT_EXTRACTED	anguttara-nikaya	anguttara-nikaya/an06-61/an06-61.pdf	anguttara-nikaya/an06-61/an06-61.txt	147810	6101	pymupdf	97f980222217f46e430a7116b535e5e7f4a075b7b93d3e66b2f7a4e22d903d46	https://www.mindreleased.com/s/AN-661-Majjhe-Sutta.pdf	Majjhe Sutta (Discourse on “the Middle,” aka “The Seamstress”) AN 6.61	https://www.mindreleased.com/pali-suttas	
Snp 2.1	TEXT_EXTRACTED	khuddaka-nikaya/sutta-nipata	khuddaka-nikaya/sutta-nipata/snp02-01/snp02-01.pdf	khuddaka-nikaya/sutta-nipata/snp02-01/snp02-01.txt	138778	4940	pymupdf	8443730fb1b7603e36f6a78d345d7bd0803818de980cc507233fff38376abfb4	https://www.mindreleased.com/s/Sn-21-Ratana-Sutta.pdf	Ratana Sutta (The Jewel Discourse) Snp 2.1	https://www.mindreleased.com/pali-suttas	
AN 6.58	TEXT_EXTRACTED	anguttara-nikaya	anguttara-nikaya/an06-58/an06-58.pdf	anguttara-nikaya/an06-58/an06-58.txt	162400	11075	pymupdf	9891cd440d472f7d0bd35a1f33bcb5381d80c03dd654ab0d7091d38f6d836159	https://www.mindreleased.com/s/AN-658-sava-Sutta.pdf	Āsava Sutta (Mental Contaminants) AN 6.58	https://www.mindreleased.com/pali-suttas	
AN 6.55	TEXT_EXTRACTED	anguttara-nikaya	anguttara-nikaya/an06-55/an06-55.pdf	anguttara-nikaya/an06-55/an06-55.txt	195881	16050	pymupdf	2459fcbe27ef25f14249e124faea91c4d1ae9b6c6a0a3a0aede437669a4705f9	https://www.mindreleased.com/s/AN-655-Soa-Sutta.pdf	Soṇa Sutta (With Soṇa) AN 6.55	https://www.mindreleased.com/pali-suttas	
MN 47	TEXT_EXTRACTED	majjhima-nikaya	majjhima-nikaya/mn47/mn47.pdf	majjhima-nikaya/mn47/mn47.txt	171376	9703	pymupdf	e231c27fb5900034556d619489af1985bf896e03c0db8103ce47c4b41421cd29	https://www.mindreleased.com/s/MN-47-Vmasaka-Sutta.pdf	Vīmaṁsaka Sutta (Examination) MN 47	https://www.mindreleased.com/pali-suttas	
AN 7.61	TEXT_EXTRACTED	anguttara-nikaya	anguttara-nikaya/an07-61/an07-61.pdf	anguttara-nikaya/an07-61/an07-61.txt	92121	8459	pymupdf	abb6f2e97887322751d525933e3780f41f80b4d8fa06ac97cc22e08e4ef67b50	https://www.mindreleased.com/s/AN-761-Pacalyamna-Sutta.pdf	Pacalāyamāna Sutta (Dozing Off) AN 7.61	https://www.mindreleased.com/pali-suttas	
MN 145	TEXT_EXTRACTED	majjhima-nikaya	majjhima-nikaya/mn145/mn145.pdf	majjhima-nikaya/mn145/mn145.txt	150205	10625	pymupdf	c72e7eb465f9ccdba1145102fd780c5d38a66561d891ab5837ad4d41e0da8973	https://www.mindreleased.com/s/MN-145-Puovda-Sutta.pdf	Puṇṇovāda Sutta (Advice to Venerable Puṇṇa) MN 145	https://www.mindreleased.com/pali-suttas	
AN 8.30	TEXT_EXTRACTED	anguttara-nikaya	anguttara-nikaya/an08-30/an08-30.pdf	anguttara-nikaya/an08-30/an08-30.txt	222043	18438	pymupdf	769ec18d77a1730e77e8d8404d68ae7504517c663f915cf1f005a6f9ca0fbf8c	https://www.mindreleased.com/s/AN-830-Anuruddhamahvitakka-Sutta.pdf	Anuruddhamahāvitakka Sutta (Anuruddha’s Thoughts of a Great Man) AN 8.30	https://www.mindreleased.com/pali-suttas	
DN 22	TEXT_EXTRACTED	digha-nikaya	digha-nikaya/dn22/dn22.pdf	digha-nikaya/dn22/dn22.txt	385869	108429	pymupdf	b06b195f5e93b9cc6386fcc6b8a9ed023588406abf1e6ba53669c18713d9097d	https://www.mindreleased.com/s/DN-22-Mahsatipahna-Sutta.pdf	Mahāsatipaṭṭhāna Sutta (The Great Discourse on the Four Establishments of Mindfulness) DN 22	https://www.mindreleased.com/pali-suttas	
MN 133	TEXT_EXTRACTED	majjhima-nikaya	majjhima-nikaya/mn133/mn133.pdf	majjhima-nikaya/mn133/mn133.txt	198886	25806	pymupdf	9e76b7303c5f7bf937295566faaa4cca7f38cc5cfda1ea8f723a47d57cec0ca7	https://www.mindreleased.com/s/MN-133-Mahkaccna-Bhaddekaratta-Sutta.pdf	Mahākaccāna Bhaddekaratta Sutta (Mahākaccāna’s Exposition on “The Ideal Lover of Solitude”) MN 133	https://www.mindreleased.com/pali-suttas	
MN 118	TEXT_EXTRACTED	majjhima-nikaya	majjhima-nikaya/mn118/mn118.pdf	majjhima-nikaya/mn118/mn118.txt	228719	27166	pymupdf	0f4dbf2e8f498af37570eb12a58f9910dde8fe0d7929a387a1a680b52b50fc95	https://www.mindreleased.com/s/MN-118-npnasati-Sutta.pdf	Ānāpānasati Sutta (Discourse on the Mindfulness of In & Out Breathing) MN 118	https://www.mindreleased.com/pali-suttas	
MN 18	TEXT_EXTRACTED	majjhima-nikaya	majjhima-nikaya/mn18/mn18.pdf	majjhima-nikaya/mn18/mn18.txt	141375	25440	pymupdf	a637daa75f9ef409c5991e031ccbae70723bfb33b5afc37faf59491731a461e8	https://www.mindreleased.com/s/MN-18-Madhupiika-Sutta.pdf	Madhupiṇḍika Sutta (The Honey Ball Discourse) MN 18	https://www.mindreleased.com/pali-suttas	
AN 9.11	TEXT_EXTRACTED	anguttara-nikaya	anguttara-nikaya/an09-11/an09-11.pdf	anguttara-nikaya/an09-11/an09-11.txt	175048	11764	pymupdf	082b741a009b8430fe749bdc543b5ef38a34cb1026007d1afc078d8a89e43f4d	https://www.mindreleased.com/s/AN-911-Sihanda-Sutta.pdf	Sihanāda Sutta (The Lion’s Roar) AN 9.11	https://www.mindreleased.com/pali-suttas	
SN 22.89	TEXT_EXTRACTED	samyutta-nikaya	samyutta-nikaya/sn22-89/sn22-89.pdf	samyutta-nikaya/sn22-89/sn22-89.txt	196313	15850	pymupdf	ed9fb594952b2af75f06730ec2a01bc488c5fbdbda491407a5cb45b502af4044	https://www.mindreleased.com/s/SN-22-89-Khemaka-Sutta.pdf	Khemaka Sutta (With Khemaka) SN 22.89	https://www.mindreleased.com/pali-suttas	
SN 22.59	TEXT_EXTRACTED	samyutta-nikaya	samyutta-nikaya/sn22-59/sn22-59.pdf	samyutta-nikaya/sn22-59/sn22-59.txt	201393	8881	pymupdf	ccd53bd6a7f1cbeb7ec58a5f412cc0ee8c2a4ce8ac429c96b71ced85709ed5dc	https://www.mindreleased.com/s/SN-22-59-Anattalakkhaa-Sutta.pdf	Anattalakkhaṇa Sutta (Discourse on the Nature of Non-Substantiality) SN 22.59	https://www.mindreleased.com/pali-suttas	
SN 35.28	TEXT_EXTRACTED	samyutta-nikaya	samyutta-nikaya/sn35-28/sn35-28.pdf	samyutta-nikaya/sn35-28/sn35-28.txt	183892	7117	pymupdf	01cbac0e804b9af442aaf2749d33e585e5e63b8e1a28b9f88896c49edf5b29d3	https://www.mindreleased.com/s/SN-35-28-dittapariyya-Sutta.pdf	Ādittapariyāya Sutta (Discourse on Everything is Burning) SN 35.28	https://www.mindreleased.com/pali-suttas	
MN 130	TEXT_EXTRACTED	majjhima-nikaya	majjhima-nikaya/mn130/mn130.pdf	majjhima-nikaya/mn130/mn130.txt	202229	26330	pymupdf	6a774bdcf238a34f57f116691c68391cdfa20a22d564dfd590800a18104008cd	https://www.mindreleased.com/s/MN-130-Devaduta-Sutta.pdf	Devaduta Sutta (The Divine Messengers, i.e. “On The Great Hell”) MN 130	https://www.mindreleased.com/pali-suttas	
DN 23	TEXT_EXTRACTED	digha-nikaya	digha-nikaya/dn23/dn23.pdf	digha-nikaya/dn23/dn23.txt	329368	75741	pymupdf	19e90cf404b42c43ecc510e96752aca17861a24c1e4f4325e5e6aafbd8d7d31a	https://www.mindreleased.com/s/DN-23-Pysi-Sutta.pdf	Pāyāsi Sutta (Prince Pāyāsi) DN 23	https://www.mindreleased.com/pali-suttas	
MN 143	TEXT_EXTRACTED	majjhima-nikaya	majjhima-nikaya/mn143/mn143.pdf	majjhima-nikaya/mn143/mn143.txt	174648	16256	pymupdf	52ca01ae61b46a0d1b7b86733458550542a87f2f8e8d64a9c17181e08268946a	https://www.mindreleased.com/s/MN-143-Anthapiikovda-Sutta.pdf	Anāthapiṇḍikovāda Sutta (Advice to Anāthapiṇḍika) MN 143	https://www.mindreleased.com/pali-suttas	
AN 7.42	TEXT_EXTRACTED	anguttara-nikaya	anguttara-nikaya/an07-42/an07-42.pdf	anguttara-nikaya/an07-42/an07-42.txt	163629	3433	pymupdf	8b76774d8bba22e0d680808a6b49131c4b16c3bb964318bdf8ec4760785c8e14	https://www.mindreleased.com/s/AN-742-Pahama-Niddasa-Sutta.pdf	Paṭhama Niddasa Sutta (True Measure for Seniority – Part 1) AN 7.42	https://www.mindreleased.com/pali-suttas	
AN 7.43	TEXT_EXTRACTED	anguttara-nikaya	anguttara-nikaya/an07-43/an07-43.pdf	anguttara-nikaya/an07-43/an07-43.txt	164920	3238	pymupdf	a75212fcb103c3593ff1c5aeec272bcf43091e7f379c64eefb1629411d12601b	https://www.mindreleased.com/s/AN-743-Dutiya-Niddasa-Sutta.pdf	Dutiya Niddasa Sutta (True Measure for Seniority – Part 2) AN 7.43	https://www.mindreleased.com/pali-suttas	
Ud 1.10	TEXT_EXTRACTED	khuddaka-nikaya/udana	khuddaka-nikaya/udana/ud01-10/ud01-10.pdf	khuddaka-nikaya/udana/ud01-10/ud01-10.txt	160172	7213	pymupdf	9949e738b98a1800ae21d4de1c1a6b555a535f9f9724c97c857913701fa2ed51	https://www.mindreleased.com/s/Udana-110_Bhiya-Sutta.pdf	Bāhiya Sutta (Bāhiya) Ud 1.10	https://www.mindreleased.com/pali-suttas	
MN 56	TEXT_EXTRACTED	majjhima-nikaya	majjhima-nikaya/mn56/mn56.pdf	majjhima-nikaya/mn56/mn56.txt	279026	45891	pymupdf	6109ec91617126cab55d5fefb899fd70c91d5bb27f9db4a27d6a58bd220cee71	https://www.mindreleased.com/s/MN-56-Upli-Sutta.pdf	Upāli Sutta (The Householder Upāli) MN 56	https://www.mindreleased.com/pali-suttas	
Snp complete	TEXT_EXTRACTED	khuddaka-nikaya/sutta-nipata	khuddaka-nikaya/sutta-nipata/snp-complete/snp-complete.pdf	khuddaka-nikaya/sutta-nipata/snp-complete/snp-complete.txt	20709950	420379	pymupdf	bcb67ef9adbf34fd48b1458a6a05b151553b983e4ac35c7e90b2074e4b21fff6	https://www.mindreleased.com/s/Sutta-Nipta_Bhikkhu_Candana_2026-sm.pdf	Sutta Nipata complete PDF	https://www.mindreleased.com/sutta-nipata	
